id,player_name,games,time,goals,xG,assists,xA,shots,key_passes,yellow_cards,red_cards,position,team_title,npg,npxG,xGChain,xGBuildup
3423,Kylian Mbappe-Lottin,22,1951,23,21.136674840003252,4,6.446330849081278,109,53,3,0,F,Real Madrid,15,14.44717587903142,21.63715022802353,6.057588364928961
9002,Vedat Muriqi,23,1902,16,14.095064533874393,1,1.0704565392807126,69,11,2,1,F S,Mallorca,11,9.63539875857532,9.984640426933765,2.7047089827246964
6441,Ferrán Torres,22,1404,12,13.133666023612022,1,2.1071850527077913,53,17,1,0,F M S,Barcelona,12,13.133666023612022,17.667471770197153,3.3625364592298865
1235,Ante Budimir,23,1812,11,9.935013674199581,0,0.5571371354162693,59,8,1,0,F S,Osasuna,8,6.961903151124716,5.815424641594291,0.8362672366201878
227,Robert Lewandowski,19,914,10,11.67327145114541,1,1.567640408873558,45,8,2,0,F S,Barcelona,9,9.443438667804003,13.311880767345428,3.8605084884911776
2234,Mikel Oyarzabal,21,1830,10,11.297603327780962,3,4.676973525434732,61,30,2,0,F,Real Sociedad,6,8.32462077960372,14.815778970718384,4.924487411975861
2543,Borja Iglesias,22,1338,10,8.860366955399513,2,1.582907721400261,35,16,4,0,F S,Celta Vigo,7,6.630534131079912,10.639141593128443,3.578981149941683
11527,Lamine Yamal,20,1698,10,10.33348885923624,8,10.607687756419182,87,59,0,0,F M S,Barcelona,8,8.103656023740768,25.972699724137783,12.288433149456978
12160,Alberto Moleiro,22,1529,9,4.357568509876728,4,4.133839713409543,33,22,2,0,F M S,Villarreal,9,4.357568509876728,10.924949048087,3.3255837336182594
6954,Juan Camilo Hernández,19,1669,8,7.663763463497162,3,3.681891802698374,56,27,2,0,F,Real Betis,7,6.920485854148865,12.488709397614002,2.962550579570234
7008,Vinícius Júnior,23,1799,8,8.8578559756279,5,4.9022655505687,63,41,4,0,F M S,Real Madrid,5,5.8847454860806465,15.718125715851784,5.783720623701811
8026,Raphinha,15,971,8,6.064365139231086,3,4.716045478358865,44,30,2,0,F M S,Barcelona,7,5.3210875149816275,13.627018243074417,6.13411445915699
2120,Gerard Moreno,12,749,7,4.0397820100188255,0,2.642769679427147,21,18,0,0,F S,Villarreal,5,2.55322677642107,5.847267933189869,2.805291686207056
6531,Alexander Sørloth,23,1220,7,7.130760155618191,0,0.653296111151576,39,8,3,1,F S,Atletico Madrid,7,7.130760155618191,7.370806156657636,0.8275327244773507
6637,Hugo Duro,23,1415,7,5.994393274188042,0,1.0296614803373814,26,12,4,1,F S,Valencia,7,5.994393274188042,7.295789301395416,1.7475816626101732
8107,Jorge De Frutos,21,1570,7,7.002040760591626,1,1.7812358755618334,32,19,2,0,F M,Rayo Vallecano,7,7.002040760591626,9.458169974386692,1.4011777583509684
8187,Georges Mikautadze,18,1099,7,8.201577881351113,4,2.596612123772502,34,13,0,0,F S,Villarreal,7,8.201577881351113,10.580098086968064,0.5294980565086007
10846,Julián Álvarez,24,1713,7,7.8096131812781096,3,5.447033941745758,46,43,2,0,F S,Atletico Madrid,5,5.579780338332057,13.183351710438728,5.159891894087195
14041,Vladyslav Vanat,21,1609,7,7.603454947471619,1,2.0772089138627052,22,11,4,0,F,Girona,4,5.373622119426727,8.381169442087412,1.5092701762914658
2270,Antoine Griezmann,21,718,6,4.931970344856381,0,1.58559500426054,27,15,0,0,F S,Atletico Madrid,6,4.931970344856381,9.429572332650423,4.057589836418629
2335,Pablo Fornals,24,1978,6,4.241605483926833,4,4.650752751156688,35,51,1,0,M S,Real Betis,6,4.241605483926833,16.542998269200325,8.866489238105714
2589,Rafa Mir,19,1342,6,5.5344727244228125,0,0.7339986357837915,50,6,1,0,F M S,Elche,6,4.791323056444526,8.657609792426229,3.9005271941423416
4175,Pere Milla,22,1557,6,6.087292589247227,0,3.3988668713718653,48,28,4,1,F M S,Espanyol,6,6.087292589247227,8.451241934671998,2.397197655402124
5682,Gonçalo Guedes,24,1335,6,3.379800196737051,3,1.8401757348328829,32,18,1,0,F M S,Real Sociedad,6,3.379800196737051,8.056489180773497,4.507260870188475
8292,Dani Olmo,19,1215,6,5.989282177761197,6,4.454576751217246,50,37,0,0,F M S,Barcelona,6,5.989282177761197,15.185079090297222,6.829169802367687
10930,Etta Eyong,21,1528,6,9.047828963957727,3,2.4058460518717766,40,12,2,0,F S,"Levante,Villarreal",6,8.304551339708269,9.081174422986805,0.8323197644203901
11094,Antony,19,1623,6,5.26722951605916,5,4.513561494648457,54,41,1,1,F M,Real Betis,6,5.26722951605916,14.786637596786022,7.695215368643403
11783,Akor Adams,19,1207,6,7.614476669579744,2,0.6460101995617151,41,5,1,0,F S,Sevilla,4,6.127921421080828,7.221516590565443,1.0012895744293928
1189,Lucas Boyé,18,1348,5,7.0153773333877325,1,2.017517538741231,40,18,0,1,F M S,Alaves,4,6.272099664434791,8.982959475368261,3.163208281621337
3264,Mauro Arambarri,24,2139,5,5.076480660587549,1,0.5735646970570087,40,13,3,0,M,Getafe,3,3.5899254493415356,3.9116537906229496,1.3238207614049315
6170,André Silva,18,1026,5,5.056757089681923,0,1.3463149517774582,30,18,1,0,F S,Elche,5,5.056757089681923,7.123715789988637,1.3794817496091127
6227,Brais Méndez,21,1262,5,3.5223732432350516,2,1.598369836807251,26,18,3,1,F M S,Real Sociedad,4,2.779095589183271,7.599746376276016,4.3487797155976295
6400,Antonio Martínez,23,1556,5,6.793477490544319,2,1.9163287468254566,49,12,0,0,F S,Alaves,5,6.793477490544319,8.163157841190696,2.1121167559176683
8765,Roberto Navarro,20,715,5,2.9732565553858876,1,1.299997366964817,13,16,1,0,M S,Athletic Club,5,2.9732565553858876,4.432820254936814,1.3822358306497335
10095,Abdessamad Ezzalzouli,15,1143,5,6.172706343233585,4,3.5875334944576025,42,16,2,0,F M S,Real Betis,5,6.172706343233585,11.174649633467197,3.1482981387525797
11186,Alvaro Rodríguez,21,1348,5,8.112119362689555,4,3.263911245390773,46,26,0,0,F S,Elche,5,8.112119362689555,10.88145827781409,2.143536671064794
12294,Carlos Vicente,21,1250,5,3.714753158390522,0,3.8571879733353853,12,26,1,0,F M S,Alaves,2,1.4849203303456306,5.572600442916155,1.6297904159873724
12322,Tajon Buchanan,22,1346,5,2.366543434560299,1,2.207105964422226,21,13,7,0,F M S,Villarreal,5,2.366543434560299,6.571678614243865,2.236254167743027
13350,Roberto Fernández,24,1747,5,6.053465339355171,2,3.0181825878098607,42,16,1,0,F S,Espanyol,4,5.310187730006874,8.834903409704566,1.8411927334964275
556,Marcus Rashford,21,1242,4,6.9128806767985225,6,3.9244918394833803,63,33,2,0,F M S,Barcelona,4,6.9128806767985225,13.20312240626663,5.7106594033539295
2252,Borja Mayoral,14,1066,4,3.4059319589287043,1,0.5318673253059387,14,4,0,0,F S,Getafe,4,2.6626543048769236,2.5814429819583893,0.4337698817253113
5074,Kike García,23,900,4,5.973919151350856,1,2.2382821273058653,34,14,3,0,F S,Espanyol,3,5.230641542002559,8.125124853104353,0.8861877284944057
6427,Aitor Ruibal,19,1185,4,2.9682980263605714,1,1.4894947074353695,19,16,3,0,D F M S,Real Betis,4,2.9682980263605714,7.285595988854766,3.20519395545125
7020,Gorka Guruzeta,21,1409,4,6.581743713468313,1,2.3789043445140123,49,16,2,1,F M S,Athletic Club,4,6.581743713468313,10.01546273007989,2.111509619280696
8042,Raul García,23,640,4,4.518089059740305,0,0.31400410272181034,23,5,1,0,F S,Osasuna,4,4.518089059740305,3.84127514064312,0.2387999575585127
8230,German Valera,23,1815,4,1.9980916008353233,3,4.215908026322722,19,28,2,0,D F M S,Elche,4,1.9980916008353233,9.730219412595034,6.054319951683283
8824,Jude Bellingham,18,1298,4,6.213099502027035,3,2.522140357643366,36,30,1,0,M S,Real Madrid,4,6.213099502027035,10.187230922281742,5.948564546182752
9211,Nico Williams,19,1335,4,4.948663843795657,2,3.842061704955995,37,27,1,0,M S,Athletic Club,3,3.462108565494418,9.563533578068018,3.1625841185450554
9275,Iván Romero,20,1596,4,6.519778627902269,1,1.706103827804327,38,13,3,0,F M S,Levante,4,6.519778627902269,9.147980750538409,2.5042009353637695
10974,Samú Costa,21,1625,4,1.8863176638260484,0,0.9610254997387528,20,10,8,0,M S,Mallorca,4,1.8863176638260484,5.699052916839719,3.1297622686252
11322,Viktor Tsygankov,18,1424,4,3.044419676065445,2,2.099923080764711,24,23,1,0,F M S,Girona,4,3.044419676065445,7.082343257963657,2.7469264063984156
11402,Carlos Romero,22,1958,4,2.2005937937647104,2,2.4547104202210903,20,16,2,0,D,Espanyol,4,2.2005937937647104,7.305922016501427,4.635299943387508
11822,Fermín López,18,1067,4,4.325854752212763,5,5.513783033937216,42,22,2,0,M S,Barcelona,4,4.325854752212763,16.47422058880329,8.82971603423357
12035,Gonzalo García,19,501,4,3.9035340435802937,0,0.3555862419307232,12,5,1,0,F S,Real Madrid,4,3.9035340435802937,5.025276251137257,1.4501768462359905
13279,Víctor Muñoz,24,1867,4,3.507631851360202,1,0.899155612103641,47,14,2,0,F M S,Osasuna,4,3.507631851360202,5.275244913995266,1.749221091158688
1709,Cristhian Stuani,12,195,3,3.813407562673092,0,0.052684053778648376,8,1,2,0,F S,Girona,0,0.8402970358729362,1.3176345080137253,0.5094254016876221
2624,Djibril Sow,20,1342,3,0.8677363246679306,0,0.9255997352302074,13,13,3,0,M S,Sevilla,3,0.8677363246679306,4.026197964325547,2.7498071268200874
5656,Nicolas Pepe,22,1347,3,6.249099109321833,3,4.075624940916896,36,33,2,0,F M S,Villarreal,3,6.249099109321833,13.615537671372294,5.30649364925921
6168,Leandro Cabrera,23,2070,3,2.7593589015305042,0,0.7788209207355976,28,6,2,0,D,Espanyol,3,2.7593589015305042,5.501357853412628,5.2319784592837095
7071,Álvaro García,23,1629,3,5.260342799127102,4,5.278117961250246,33,28,3,0,F M S,Rayo Vallecano,3,5.260342799127102,10.504965208470821,1.4468942452222109
7308,Ander Barrenetxea,19,1107,3,1.6551371244713664,3,4.598061433061957,21,29,2,0,F M S,Real Sociedad,3,1.6551371244713664,8.019708903506398,4.409418184310198
7810,Ruben Vargas,13,908,3,2.2198394425213337,4,1.764968678355217,22,11,1,0,F M S,Sevilla,2,1.4765618108212948,3.8655285760760307,1.4634124469012022
8066,Arnaut Danjuma Groeneveld,22,1434,3,4.555275183171034,2,3.26465561427176,31,12,0,0,F M S,Valencia,3,3.8119975738227367,8.329421013593674,1.9088521860539913
8328,Azz-Eddine Ounahi,10,796,3,1.113165132701397,1,1.297131009399891,20,12,5,0,M S,Girona,3,1.113165132701397,3.6584521383047104,2.4102454371750355
8549,Ferrán Jutglà,16,838,3,2.962048916146159,1,0.9652408957481384,24,9,3,0,F M S,Celta Vigo,3,2.962048916146159,4.270393751561642,1.8251907005906105
9694,Diego López,22,1312,3,2.7840157272294164,0,1.287963455542922,21,9,2,0,F M S,Valencia,3,2.7840157272294164,5.317438453435898,1.453597852960229
10870,Williot Swedberg,17,695,3,3.403742730617523,0,0.31391071528196335,16,3,1,0,F M S,Celta Vigo,3,3.403742730617523,4.846946757286787,2.1084231697022915
11264,Carlos Álvarez,23,1658,3,1.6739499932155013,1,4.259478947147727,24,34,3,0,M S,Levante,3,1.6739499932155013,8.865877977572381,5.09267801232636
12190,Arda Güler,24,1571,3,4.420850032940507,7,6.862757621333003,39,55,1,0,F M S,Real Madrid,3,4.420850032940507,13.047405026853085,6.424996059387922
12305,Isaac Romero,18,1003,3,4.826451230794191,0,0.8455660194158554,26,7,4,1,F S,Sevilla,3,4.083173591643572,5.783213449642062,1.3692637775093317
13358,Thiago Almada,16,701,3,2.8245231769979,1,1.7141283452510834,15,14,1,0,F M S,Atletico Madrid,3,2.8245231769979,6.993409812450409,3.2846801467239857
13701,Ilyas Chaira,21,1434,3,3.8747236523777246,1,1.3398868078365922,39,9,1,1,F M S,Real Oviedo,3,3.8747236523777246,7.200136452913284,2.946093261241913
13705,Federico Viñas,19,1291,3,4.400488190352917,1,2.0457662492990494,24,17,2,3,F M S,Real Oviedo,2,3.6572105810046196,5.930053725838661,1.8346657175570726
13789,Adrián Liso,20,1375,3,2.374014066532254,0,0.12943774461746216,22,3,2,0,F M S,Getafe,3,2.374014066532254,2.7150214202702045,0.3200403545051813
498,Alexis Sánchez,16,769,2,2.304897204041481,1,1.2274742424488068,15,17,1,0,F M S,Sevilla,1,1.5616195853799582,4.813883617520332,2.6431262884289026
770,Ayoze Pérez,15,616,2,2.2917380779981613,3,1.5686950385570526,9,11,2,0,F S,Villarreal,2,2.2917380779981613,5.193885266780853,1.4103114288300276
813,Salomón Rondón,16,1054,2,3.783308571204543,0,0.19348198920488358,24,5,2,0,F S,Real Oviedo,2,3.0400309544056654,3.1170474737882614,0.3357116375118494
2183,Rubén García,22,1372,2,1.2693719435483217,5,4.480241488665342,19,27,4,0,F M S,Osasuna,2,1.2693719435483217,4.601253688335419,2.754417202435434
2269,Koke,22,1433,2,0.6753397397696972,2,1.8800851795822382,8,18,4,0,M S,Atletico Madrid,2,0.6753397397696972,8.553836233913898,7.6488671619445086
2290,Iago Aspas,21,752,2,2.9085825718939304,3,3.176523031666875,19,24,2,0,F M S,Celta Vigo,1,2.1653049625456333,8.629886287264526,5.157473488710821
2306,Cédric Bakambu,10,298,2,2.448986805975437,0,0.015491410158574581,15,1,0,0,F S,Real Betis,2,2.448986805975437,2.7357294149696827,0.4540993310511112
2478,Carlos Soler,20,1308,2,1.9474791567772627,2,2.7033212846145034,21,28,2,1,M S,Real Sociedad,2,1.9474791567772627,5.100738815963268,2.9655537474900484
2551,Pepelu,22,1730,2,3.219678146764636,0,1.2045606933534145,22,20,3,0,M S,Valencia,1,0.9898452814668417,5.619259526021779,5.170427340082824
3425,Thomas Lemar,15,776,2,1.6775805484503508,1,1.052882706746459,14,12,2,0,M S,Girona,2,1.6775805484503508,4.5592912449501455,2.382944959681481
5091,Alex Berenguer,20,1485,2,4.1887956550344825,2,4.3481047712266445,31,34,3,0,F M S,Athletic Club,2,4.1887956550344825,8.70399460196495,3.1910578906536102
5681,Giovani Lo Celso,17,1098,2,2.7339136879891157,2,2.545758880674839,27,24,3,0,M S,Real Betis,2,2.7339136879891157,9.471436057239771,5.745127160102129
6933,Javi Puado,10,687,2,4.838970278389752,0,0.9579164311289787,15,10,2,0,F M S,Espanyol,1,3.3524150969460607,3.2629179880023003,1.2333675622940063
7070,Santiago Comesaña,21,1387,2,3.2234040051698685,2,1.3295746631920338,19,12,3,1,M S,Villarreal,2,3.2234040051698685,11.423561978153884,7.9177379896864295
7604,Alejandro Catena,22,1941,2,2.04249959718436,2,0.8282523602247238,12,8,8,1,D,Osasuna,2,2.04249959718436,2.901927715167403,2.024820676073432
7779,Oihan Sancet,17,1176,2,4.2497158870100975,0,0.8999170493334532,30,16,2,1,M S,Athletic Club,0,2.7632885351777077,3.0907473620027304,0.8105701543390751
7825,Iker Losada,12,400,2,1.9682039767503738,0,0.27033543586730957,9,5,0,0,M S,Levante,2,1.9682039767503738,1.8801570162177086,0.1951943002641201
7842,Aleix Febas,23,2065,2,1.7676629461348057,1,0.9511017268523574,17,18,6,0,M,Elche,2,1.7676629461348057,12.196797017008066,10.505979984998703
7870,Luis Rioja,23,1656,2,1.664055710658431,4,2.2542468924075365,30,25,1,0,M S,Valencia,2,1.664055710658431,5.493781313300133,2.811903079971671
8001,Takefusa Kubo,18,1203,2,2.50237294472754,3,3.2718304209411144,25,26,0,0,F M S,Real Sociedad,2,2.50237294472754,6.794313784688711,3.013954009860754
8091,Ronald Araújo,13,666,2,1.2320246659219265,0,0.048510245978832245,7,1,2,0,D S,Barcelona,2,1.2320246659219265,2.9830572679638863,2.4650687128305435
8122,Sergio Carreira,21,1651,2,1.2326018046587706,1,0.7467358270660043,11,13,2,0,D S,Celta Vigo,2,1.2326018046587706,9.623308513313532,8.078069601207972
8417,Álex Baena,16,855,2,1.146471893414855,1,2.4515550173819065,14,22,3,0,M S,Atletico Madrid,2,1.146471893414855,5.891389902681112,3.2932077795267105
8696,Pape Alassane Gueye,17,1151,2,1.3920430801808834,1,1.0307672386988997,23,12,6,0,M S,Villarreal,2,1.3920430801808834,7.251805156469345,5.352577114477754
8935,Pedri,16,1233,2,2.22481007874012,5,3.606819976121187,17,38,0,1,M S,Barcelona,2,2.22481007874012,16.402067743241787,12.254688270390034
9040,Conor Gallagher,19,630,2,1.2670744927600026,0,0.49994678795337677,13,4,2,0,M S,Atletico Madrid,2,1.2670744927600026,6.03503056243062,4.425485637038946
9796,Giuliano Simeone,21,1625,2,4.851147687062621,5,3.7929861694574356,30,21,1,0,F M S,Atletico Madrid,2,4.851147687062621,13.196077104657888,6.54750308021903
9812,Isi Palazón,22,1680,2,3.4245069371536374,3,2.95516350120306,35,26,7,0,F M S,Rayo Vallecano,0,1.9379516765475273,8.782636100426316,5.89578814804554
10078,Hugo Álvarez,15,631,2,0.6324822939932346,1,1.0227309633046389,5,11,2,0,D F S,Celta Vigo,2,0.6324822939932346,3.1688397768884897,2.2172589525580406
10319,Adrián De la Fuente,20,1541,2,2.049667626619339,1,0.5058657815679908,19,6,4,0,D S,Levante,1,1.3063900098204613,2.2816994497552514,2.1048687268048525
10576,Álvaro Fernández,21,1792,2,0.37342994660139084,2,1.3160936944186687,7,20,4,1,D S,Real Madrid,2,0.37342994660139084,13.035373568534851,11.917787555605173
10944,Fran Pérez,19,748,2,1.741595771163702,0,1.6060119727626443,10,11,2,0,F M S,Rayo Vallecano,2,1.741595771163702,4.896240759640932,1.993193520233035
10975,Largie Ramazani,13,252,2,1.3433630540966988,1,0.6277652904391289,12,3,2,0,M S,Valencia,1,0.6000854037702084,3.0369774121791124,1.9284446630626917
11154,Pablo Durán,19,924,2,2.7641128096729517,2,1.7121234722435474,22,6,0,0,F M S,Celta Vigo,2,2.7641128096729517,4.629835914820433,0.9671859787777066
11208,Mateo Joseph,23,1336,2,3.8630388285964727,2,1.3697342490777373,25,10,2,0,F M S,Mallorca,2,3.8630388285964727,6.351401746273041,1.526771609671414
11349,Mario Martín,22,1492,2,1.663187149912119,0,0.301588854752481,20,7,8,0,F M S,Getafe,2,1.663187149912119,1.7894095350056887,0.9381973501294851
12263,Mikel Jauregizar,24,2042,2,1.0404173098504543,0,1.2458198824897408,29,21,3,0,M,Athletic Club,2,1.0404173098504543,7.26587232016027,5.7072208020836115
12286,Nobel Mendy,14,1147,2,2.171578062698245,0,0.03922552987933159,10,2,3,1,D S,Rayo Vallecano,2,2.171578062698245,2.1136788818985224,2.0369686409831047
12643,Javier Rueda,17,866,2,1.1284507606178522,4,2.7797540966421366,8,8,4,0,D S,Celta Vigo,2,1.1284507606178522,6.136848047375679,4.470381334424019
12742,Peque,20,855,2,0.7329471576958895,1,0.6110825892537832,14,15,6,0,F M S,Sevilla,2,0.7329471576958895,2.532624928280711,1.4915726091712713
13048,Orri Óskarsson,8,152,2,2.1995116844773293,0,0.32868972420692444,6,1,0,0,F S,Real Sociedad,2,2.1995116844773293,2.528201438486576,0
13201,Raúl,17,1152,2,1.0190260391682386,0,0.20854375883936882,12,4,2,0,D S,Real Madrid,2,1.0190260391682386,5.995205856859684,5.777356967329979
13361,Jones El Abdellaoui,14,421,2,1.9043823033571243,0,0.3394577093422413,12,7,0,0,D F M S,Celta Vigo,2,1.9043823033571243,2.9109730571508408,0.8363422676920891
13700,Alberto Reina,22,1272,2,1.6272542867809534,0,1.3711500940844417,12,12,2,1,F M S,Real Oviedo,2,1.6272542867809534,3.387407209724188,1.322737186215818
13840,Martim Neto,20,1085,2,1.0407912489026785,4,2.2120541259646416,12,20,1,0,M S,Elche,2,1.0407912489026785,6.038656696677208,4.191784080117941
13996,Tani Oluwaseyi,19,589,2,3.547338616102934,1,1.7641931250691414,15,4,1,0,F S,Villarreal,2,3.547338616102934,5.4714432237669826,0.23065277934074402
14388,Luis Vázquez,4,331,2,0.7600179985165596,0,0.09737198799848557,7,1,0,0,F,Getafe,2,0.7600179985165596,0.8421660810709,0.22301344946026802
257,Jeremy Toljan,22,1917,1,0.6434833370149136,3,3.485408214852214,6,18,5,0,D,Levante,1,0.6434833370149136,7.250567056238651,4.307414023205638
897,Juanmi,8,152,1,0.13904428482055664,0,0.05573514848947525,2,2,0,0,S,Getafe,1,0.13904428482055664,0.17780200019478798,0.05972769297659397
1003,Pablo Maffeo,19,1635,1,0.20542436745017767,0,0.22268474008888006,4,8,6,0,D S,Mallorca,1,0.20542436745017767,4.642428993247449,4.214319851249456
1450,Umar Sadiq,11,286,1,0.7755569191649556,0,0.5297956597059965,9,4,2,0,F S,"Real Sociedad,Valencia",1,0.7755569191649556,1.3645706875249743,0.15622849389910698
1621,Marcos Alonso,21,1801,1,2.059215547516942,0,0.8313884623348713,18,10,2,0,D S,Celta Vigo,0,1.315937938168645,8.964876882731915,8.414646863937378
2163,Diego Llorente,7,337,1,0.7363635897636414,0,0,1,0,1,0,D S,Real Betis,1,0.7363635897636414,0.9974560588598251,0.9974560588598251
2186,Morales,17,248,1,2.399464562535286,1,1.0415049269795418,8,6,1,0,M S,Levante,0,1.6561869531869888,4.125843320041895,1.5232341531664133
2308,Denis Suárez,19,991,1,1.3047452066093683,0,0.8896943870931864,5,15,4,0,M S,Alaves,1,1.3047452066093683,4.0982565227895975,2.74545968323946
2399,Iñaki Williams,16,1085,1,4.104057220742106,2,2.0383873395621777,33,12,1,0,F M S,Athletic Club,0,3.3607796113938093,5.084459843114018,1.2455113008618355
2418,Álvaro Odriozola,4,193,1,0.5725881457328796,0,1.1418001726269722,1,3,0,0,D S,Real Sociedad,1,0.5725881457328796,1.8545968532562256,0.14020852744579315
2453,Marc Bartra,20,1582,1,0.43755109049379826,0,0.08617243729531765,9,4,3,0,D S,Real Betis,1,0.43755109049379826,4.896723792888224,4.754717945121229
2456,Omar Mascarell,17,1158,1,0.1566961258649826,1,0.2668567895889282,1,5,3,0,M S,Mallorca,1,0.1566961258649826,3.0427557546645403,2.6192028541117907
2505,José Gayá,20,1561,1,0.6476038191467524,1,1.4420517794787884,8,13,5,1,D S,Valencia,1,0.6476038191467524,4.824968570843339,3.281803564168513
2521,Alfonso,17,1068,1,0.6183078894391656,2,3.196093238890171,7,13,5,0,D S,Villarreal,1,0.6183078894391656,4.131440928205848,2.148442979902029
2621,Sergi Darder,24,1687,1,2.0293214665725827,3,3.365192481316626,27,36,3,0,M S,Mallorca,1,2.0293214665725827,5.475802168250084,2.7058192882686853
3059,Axel Witsel,18,1391,1,1.5617759078741074,0,0.31794129498302937,13,8,0,1,M S,Girona,1,1.5617759078741074,6.134748969227076,5.62481277063489
3621,Neal Maupay,3,248,1,0.6476594656705856,0,0.10007026046514511,4,3,0,0,F,Sevilla,1,0.6476594656705856,1.1686111390590668,0.5097308307886124
5654,Baptiste Santamaria,19,731,1,0.516353402286768,1,0.7424618415534496,6,4,2,0,M S,Valencia,1,0.516353402286768,2.4516765056177974,2.2059513302519917
5666,Mouctar Diakhaby,8,539,1,0.632166750729084,0,0.05504954606294632,4,1,3,0,D S,Valencia,1,0.632166750729084,1.056779257953167,1.0017297193408012
5706,Dodi Lukebakio,2,180,1,0.05466248095035553,0,0.8578585088253021,2,9,0,0,M,Sevilla,1,0.05466248095035553,1.0068341195583344,0.2612600550055504
6087,Takuma Asano,15,487,1,1.2583700492978096,0,0.9267593622207642,9,2,2,0,F M S,Mallorca,1,1.2583700492978096,2.4714703895151615,1.1604285258799791
6126,Ander Guevara,16,465,1,0.6024258323013783,0,0.11654093861579895,4,2,2,0,M S,Alaves,1,0.6024258323013783,1.6467872746288776,1.462795135565102
6241,Federico Valverde,23,1917,1,1.0559421312063932,6,3.7326689288020134,32,33,2,0,D F M S,Real Madrid,1,1.0559421312063932,13.810507003217936,11.76896632835269
6433,Jules Koundé,23,1714,1,1.4010681584477425,2,2.061880372464657,10,15,4,0,D S,Barcelona,1,1.4010681584477425,14.413519155234098,13.025608818978071
6592,Manuel Morlanes,18,964,1,0.5402059620246291,0,0.760379571467638,4,11,2,1,M S,Mallorca,1,0.5402059620246291,4.2978228610008955,3.0857673790305853
6651,Grady Diangana,13,615,1,0.5986502598971128,0,0.6262810826301575,11,6,2,0,F M S,Elche,1,0.5986502598971128,2.4725665915757418,1.6166596412658691
6740,Miguel Ángel Rubio,8,133,1,0.5629894137382507,0,0,1,0,0,0,D S,Espanyol,1,0.5629894137382507,0.2453732704743743,0.2453732704743743
6931,Fran Beltrán,14,784,1,0.4885396435856819,0,0.47274259850382805,10,3,1,0,M S,"Celta Vigo,Girona",1,0.4885396435856819,4.157493884675205,3.5049593346193433
6955,Ezequiel Ávila,10,218,1,1.5082680098712444,0,0.23543564602732658,6,4,2,0,F S,Real Betis,0,0.7649904005229473,1.2273762486875057,0.7489056289196014
7074,Nicolás González,18,1161,1,3.6805280297994614,0,1.6893298961222172,34,10,3,0,D F M S,Atletico Madrid,1,3.6805280297994614,6.833407670259476,3.572713879868388
7174,Adrià Pedrosa,16,714,1,0.5727642625570297,1,1.3395479824393988,9,18,4,0,D M S,"Elche,Sevilla",1,0.5727642625570297,3.8479645494371653,2.2996806614100933
7236,Leander Dendoncker,18,1324,1,0.538357574492693,0,0.43061793874949217,9,7,2,0,M S,Real Oviedo,1,0.538357574492693,2.1156610157340765,1.4302592631429434
7276,Robin Le Normand,18,1172,1,1.0887540504336357,0,0.04524993523955345,3,1,2,0,D S,Atletico Madrid,1,1.0887540504336357,5.469893014058471,5.367574727162719
7359,Eduardo Camavinga,18,979,1,1.0450459476560354,0,1.213536286726594,10,10,0,0,D M S,Real Madrid,1,1.0450459476560354,5.63204775005579,4.3070847280323505
7605,Manuel Sánchez,20,1753,1,1.0813747569918633,1,0.9726468101143837,8,11,5,0,D S,Levante,1,1.0813747569918633,5.868918878957629,4.367122709751129
7829,Eder Militão,13,1006,1,1.4660748494789004,1,1.0907561480998993,17,7,2,0,D S,Real Madrid,1,1.4660748494789004,5.060470608994365,4.194195203483105
7888,Nemanja Gudelj,20,1406,1,0.5514726606197655,0,0.18999218568205833,15,3,6,0,D M S,Sevilla,1,0.5514726606197655,2.8523951545357704,2.6047000251710415
7916,Pol Lozano,22,1604,1,0.405936885625124,0,0.6650584582239389,11,17,6,0,M S,Espanyol,1,0.405936885625124,4.815379028208554,4.339097593910992
8015,Rodrygo,18,604,1,2.213578686118126,3,2.80550373531878,24,16,2,0,F M S,Real Madrid,1,2.213578686118126,4.273452498018742,1.4527984224259853
8045,Eric Garcia,24,1922,1,3.2187458351254463,0,1.0278358701616526,21,23,2,0,D M S,Barcelona,1,3.2187458351254463,17.500933691859245,16.743419282138348
8070,Mateu Morey,14,634,1,0.18371310085058212,0,0.516222694888711,4,3,2,0,D M S,Mallorca,1,0.18371310085058212,1.9034931994974613,1.2830428071320057
8165,Lucien Agoume,21,1689,1,0.6484213899821043,2,2.2004450354725122,11,18,8,0,F M S,Sevilla,1,0.6484213899821043,7.149898258969188,5.150816084817052
8183,Pablo Martínez,17,1176,1,1.843395377509296,2,2.8152883714064956,23,19,2,0,M S,Levante,1,1.843395377509296,5.020540454424918,2.643798738718033
8283,Batista Mendy,19,1440,1,0.8146354220807552,0,0.4901229040697217,14,9,6,0,M S,Sevilla,1,0.8146354220807552,3.9711443819105625,3.3910582195967436
8694,Chidera Ejuke,17,494,1,1.1728221056982875,1,0.8362777438014746,13,8,0,0,F M S,Sevilla,1,1.1728221056982875,2.5392507798969746,1.1353494711220264
8733,Alfonso Espino,17,633,1,1.4549180530011654,0,1.1476513426750898,9,5,1,0,D M S,Rayo Vallecano,1,1.4549180530011654,2.8579365722835064,0.986677747219801
8948,Aitor Paredes,17,1445,1,1.343791265040636,0,0.7405439838767052,12,3,4,0,D S,Athletic Club,1,1.343791265040636,3.130537413060665,2.9762622490525246
9001,Martín Satriano,5,439,1,1.0286540910601616,0,0.28949324041604996,11,4,2,0,F,Getafe,1,1.0286540910601616,1.8218334689736366,0.7364415228366852
9011,Óscar Mingueza,21,1264,1,0.45146195217967033,2,2.7028254587203264,13,19,3,0,D S,Celta Vigo,1,0.45146195217967033,8.936218708753586,7.349671471863985
9199,John Donald,14,449,1,0.7318225856870413,0,0,5,0,2,0,D M S,Elche,1,0.7318225856870413,3.472777573391795,2.740954987704754
9218,Juan Iglesias,23,1949,1,1.0266571082174778,2,1.2681598477065563,18,8,2,0,D M S,Getafe,1,1.0266571082174778,4.031301394104958,2.5112653244286776
9241,Alfon,10,298,1,0.9021243844181299,0,0.3436609134078026,11,6,0,0,D M S,Sevilla,1,0.9021243844181299,1.4758423566818237,0.33784373849630356
9280,Antonio Blanco,22,1886,1,0.5567933125421405,1,0.6982451640069485,23,12,5,0,M,Alaves,1,0.5567933125421405,6.093382835388184,5.393559664487839
9466,Jon Ander Olasagasti,19,516,1,0.24037869833409786,2,1.5927350781857967,7,7,2,0,M S,Levante,1,0.24037869833409786,1.2420625016093254,0.34434631280601025
9755,Inigo Ruiz de Galarreta,22,1472,1,0.4902944890782237,1,1.4358977852389216,15,15,11,0,M S,Athletic Club,1,0.4902944890782237,4.304216202348471,3.253478690981865
9809,José Ángel Carmona,22,1799,1,0.7164523545652628,3,1.4212599825114012,14,11,9,0,D S,Sevilla,1,0.7164523545652628,6.59688382409513,5.293261529877782
9810,Fran García,7,413,1,0.8450008686631918,0,0.07125883176922798,3,2,0,1,D M S,Real Madrid,1,0.8450008686631918,2.6221464797854424,2.171393595635891
9811,Óscar Valentín,20,1312,1,1.4488014364615083,0,0.6575567750260234,11,3,2,1,M S,Rayo Vallecano,1,1.4488014364615083,6.402960491366684,4.462363122962415
9815,Pathé Ciss,16,1124,1,1.551525610499084,0,0.21176390815526247,11,7,4,2,D M S,Rayo Vallecano,1,1.551525610499084,6.354452367872,5.278654970228672
9825,Nicolás Serrano,11,306,1,0.5777395609766245,0,0.4487133324146271,13,7,0,0,M S,Athletic Club,1,0.5777395609766245,1.2423209380358458,0.4696573466062546
10143,Bryan Zaragoza,19,1138,1,1.910445837303996,1,2.2636110819876194,26,18,1,0,F M S,Celta Vigo,0,1.1671682186424732,6.203656457364559,4.05707526486367
10200,Rafa Marín,15,1319,1,0.1847507283091545,0,0.21317604184150696,3,3,1,0,D S,Villarreal,1,0.1847507283091545,5.361025255173445,5.260094027966261
10273,Iker Benito,5,147,1,0.3859800510108471,0,0.14492438361048698,2,2,1,0,M S,Osasuna,1,0.3859800510108471,0.672303281724453,0.24680110812187195
10334,Kike Salas,13,1029,1,0.552786210551858,0,0.17470415867865086,10,3,0,0,D S,Sevilla,1,0.552786210551858,2.581457007676363,2.3659204617142677
10364,Nahuel Tenaglia,22,1980,1,1.2933685025200248,0,0.2480285670608282,14,5,2,0,D,Alaves,1,1.2933685025200248,2.773528102785349,2.5373660903424025
10382,Eray Cömert,7,471,1,0.9556148052215576,0,0.07926097512245178,1,1,1,0,D S,Valencia,1,0.9556148052215576,2.513921793550253,1.5583069287240505
10388,Luka Ilic,14,541,1,1.19682820700109,0,0.0591045543551445,5,1,2,1,F M S,Real Oviedo,1,1.19682820700109,1.0812596678733826,0.4379870444536209
10494,Pablo Barrios Rivas,21,1591,1,1.4028489515185356,1,1.6999459583312273,21,20,0,0,M S,Atletico Madrid,1,1.4028489515185356,9.95724107325077,7.401665868237615
10716,Manor Solomon,6,129,1,0.608427070081234,1,0.471932552754879,2,2,0,0,M S,Villarreal,1,0.608427070081234,2.177966743707657,1.1689640581607819
10857,Pablo Ibáñez,24,1466,1,3.0753623992204666,1,0.9390877410769463,33,12,4,0,M S,Alaves,1,3.0753623992204666,5.450801555998623,3.789190709590912
10947,Ramón Terrats,16,439,1,0.6406448623165488,1,1.545111045241356,5,6,0,0,M S,Espanyol,1,0.6406448623165488,2.1749093448743224,0.4085780382156372
10949,Arnau Martinez,21,1560,1,1.0076071424409747,1,1.2025445029139519,9,7,5,0,D M S,Girona,1,1.0076071424409747,6.5162493251264095,6.296555172652006
10952,Joel Roca,20,841,1,2.4468474872410297,1,0.8328595533967018,25,10,3,1,F M S,Girona,1,2.4468474872410297,3.9637551195919514,0.822681687772274
10999,Marcão,13,935,1,0.9158304017037153,0,0,10,0,3,1,D S,Sevilla,1,0.9158304017037153,2.0380470361560583,2.0380470361560583
11025,Pablo Torre,22,762,1,1.208711626008153,2,1.6321332342922688,8,21,2,0,M S,Mallorca,1,1.208711626008153,3.425733234733343,1.3789342790842056
11087,Pep Chavarría,22,1911,1,0.5039447294548154,2,2.1646294184029102,14,16,4,1,D S,Rayo Vallecano,1,0.5039447294548154,7.594017347320914,5.279035149142146
11216,Rodrigo Mendoza,18,894,1,0.5850885193794966,0,0.7531395545229316,12,10,5,0,F M S,"Atletico Madrid,Elche",1,0.5850885193794966,2.9340026788413525,1.9985877061262727
11531,Unai Gómez,16,463,1,1.2864124588668346,1,0.33678919821977615,10,5,0,1,F M S,Athletic Club,1,1.2864124588668346,1.8426137026399374,0.41510757990181446
11900,Lucas Beltrán,21,1118,1,3.6099635381251574,2,1.8854527920484543,27,12,0,0,F S,Valencia,1,3.6099635381251574,7.607607822865248,2.388245379552245
11943,Dean Huijsen,18,1387,1,1.882600774988532,2,1.1273782718926668,16,9,4,1,D S,Real Madrid,1,1.882600774988532,7.141183353960514,6.7522415779531
11953,Sergi Altimira,16,801,1,0.37056777998805046,1,0.3717779107391834,3,8,2,0,M S,Real Betis,1,0.37056777998805046,2.871410522609949,2.4708017744123936
12005,Pau Cubarsí,20,1770,1,0.5048509165644646,0,0.3548167273402214,9,4,1,0,D,Barcelona,1,0.5048509165644646,12.445648226886988,12.445648226886988
12078,Alan Matturro,10,473,1,0.560596777126193,0,0.012027774937450886,3,1,0,1,D S,Levante,1,0.560596777126193,1.00424500182271,0.9806886613368988
12171,Hector Fort,9,323,1,0.6469519808888435,2,0.21326065063476562,10,4,0,0,D S,Elche,1,0.6469519808888435,1.9192268531769514,1.2659369874745607
12182,Jon Aramburu,22,1828,1,1.774022463709116,0,0.2852481473237276,15,7,7,0,D S,Real Sociedad,1,1.774022463709116,5.111865418031812,4.894484972581267
12537,Asier Osambela,10,265,1,0.2776791490614414,0,0.11084052547812462,3,2,1,0,D S,Osasuna,1,0.2776791490614414,0.32008697278797626,0.12847508303821087
12726,Christantus Uche,3,270,1,1.4415657743811607,1,0.6371117904782295,6,4,1,0,F,Getafe,1,1.4415657743811607,2.1472005546092987,0.06852305494248867
12790,Abel Bretones,20,1376,1,0.5832634549587965,0,0.44002190977334976,11,9,5,1,D M S,Osasuna,1,0.5832634549587965,1.766706621274352,1.1452561439946294
12820,Marc Bernal,11,181,1,0.39078621938824654,1,0.6727183200418949,3,5,1,0,M S,Barcelona,1,0.39078621938824654,2.169932559132576,1.7942802030593157
12862,Luka Sucic,10,403,1,0.9536917470395565,0,0.12101545743644238,8,3,1,0,F M S,Real Sociedad,1,0.9536917470395565,1.2179830083623528,0.16848325077444315
12893,Enzo Boyomo,20,1644,1,0.6644543185830116,1,1.3433338664472103,3,7,4,0,D S,Osasuna,1,0.6644543185830116,2.730791710317135,1.4584983922541142
13335,Goduine Koyalipou,11,217,1,1.2652598228305578,0,0.35875242948532104,10,1,1,0,F S,Levante,1,1.2652598228305578,1.43799864128232,0
13380,Vitor Reis,23,1967,1,0.8439804911613464,1,0.7966853231191635,8,6,5,1,D S,Girona,1,0.8439804911613464,5.773470671847463,5.2547731678932905
13417,Maroan Sannadi,8,246,1,0.9551242720335722,0,0.5883069485425949,7,2,2,0,F S,Athletic Club,1,0.9551242720335722,1.5783750098198652,0.034943751990795135
13620,Miguel Román,16,1027,1,1.1040805764496326,0,1.9217729372903705,9,14,3,0,M S,Celta Vigo,1,1.1040805764496326,6.830285917967558,4.702912015840411
13627,Alejandro Rego,16,495,1,0.43119796831160784,0,0.36251725256443024,9,6,4,0,M S,Athletic Club,1,0.43119796831160784,1.321119997650385,0.9307011403143406
13765,Unai Elgezabal,12,963,1,0.6192532349377871,0,0.13390958681702614,3,2,2,0,D M S,Levante,1,0.6192532349377871,1.4656495973467827,1.4656495973467827
13769,Carlos Espí,11,178,1,0.9180088266730309,0,0,5,0,0,0,S,Levante,1,0.9180088266730309,0.865130603313446,0
13829,Tyrhys Dolan,23,1544,1,2.021849825978279,3,2.7682233322411776,23,20,2,1,M S,Espanyol,1,2.021849825978279,6.6506842048838735,3.38288848195225
13845,Valentín Gómez,17,1086,1,0.9138773661106825,0,0.3071818482130766,9,5,4,0,D S,Real Betis,1,0.9138773661106825,3.109301943331957,2.5790235586464405
13847,Franco Mastantuono,15,757,1,2.033726591616869,0,1.7262460980564356,22,9,4,0,D F M S,Real Madrid,1,2.033726591616869,5.691850550472736,3.5769545771181583
13936,Jon Gorrotxategi,22,1714,1,0.7921612514182925,3,0.813364845700562,11,12,6,0,M S,Real Sociedad,1,0.7921612514182925,7.3833052180707455,6.517344433814287
13983,David Carmo,17,1358,1,0.9471800960600376,0,0.20882149040699005,8,6,6,1,D S,Real Oviedo,1,0.9471800960600376,3.143614087253809,2.532904267311096
14013,Adam El Mokhtari,6,84,1,0.2682787664234638,0,0.07236356288194656,5,1,0,0,S,Elche,1,0.2682787664234638,0.3396428460255265,0.17286414746195078
14050,Kervin Arriaga,17,1101,1,0.24425939563661814,1,0.404125414788723,7,3,4,1,M S,Levante,1,0.24425939563661814,2.59910324588418,2.115129765123129
14059,Alemão,13,621,1,2.098992560058832,0,0.2057197131216526,14,4,1,0,F S,Rayo Vallecano,1,2.098992560058832,2.3823063522577286,0.18706084415316582
14064,Roony Bardghji,13,276,1,1.4823282193392515,1,1.6788119915872812,16,10,0,0,M S,Barcelona,1,1.4823282193392515,4.599591113626957,2.6854433454573154
200,Andreas Christensen,12,346,0,0.12629129365086555,0,0.015875261276960373,2,1,1,0,D S,Barcelona,0,0.12629129365086555,2.0936486646533012,2.0777733996510506
250,Ørjan Nyland,4,360,0,0,0,0,0,0,1,0,GK,Sevilla,0,0,0.7688105702400208,0.7688105702400208
308,Ricardo Rodríguez,16,1048,0,0.12401090748608112,1,0.4445841759443283,2,5,0,0,D S,Real Betis,0,0.12401090748608112,2.5319439359009266,2.1916849054396152
323,Adnan Januzaj,10,230,0,0.18591320142149925,0,0.6321070045232773,4,10,1,0,F M S,Sevilla,0,0.18591320142149925,0.8845630846917629,0.5867633819580078
375,Odisseas Vlachodimos,20,1800,0,0,0,0,0,0,1,0,GK,Sevilla,0,0,1.7571744937449694,1.7571744937449694
391,David Alaba,6,93,0,0.04562300071120262,0,0,1,0,0,0,D S,Real Madrid,0,0.04562300071120262,0.915195994079113,0.915195994079113
492,Héctor Bellerín,16,1084,0,0.20112952589988708,2,2.847050029784441,3,18,1,0,D S,Real Betis,0,0.20112952589988708,6.710860542953014,5.189137019217014
548,Daley Blind,22,1859,0,0.0072016227059066296,0,0.6011117864400148,1,9,1,0,D S,Girona,0,0.0072016227059066296,7.472778016701341,7.311109671369195
565,Nyom,10,280,0,0.13120730221271515,0,0.10628392547369003,3,2,4,1,D S,Getafe,0,0.13120730221271515,0.2094545178115368,0.013233568519353867
680,Thibaut Courtois,24,2160,0,0,0,0,0,0,0,0,GK,Real Madrid,0,0,5.480740891769528,5.480740891769528
681,César Azpilicueta,11,787,0,0,0,0.023224851116538048,0,1,4,0,D,Sevilla,0,0,1.3085648939013481,1.2853400483727455
965,Santiago Cazorla,14,462,0,0.2232247032225132,0,0.8487072363495827,5,10,0,1,M S,Real Oviedo,0,0.2232247032225132,3.293156538158655,3.075442261993885
973,Paulo Gazzaniga,21,1842,0,0,0,0,0,0,4,1,GK,Girona,0,0,2.160057270899415,2.160057270899415
1244,Wojciech Szczesny,6,540,0,0,0,0,0,0,0,0,GK,Barcelona,0,0,2.2537071891129017,2.2537071891129017
1423,Matías Vecino,1,1,0,0,0,0,0,0,0,0,S,Celta Vigo,0,0,0.12455634027719498,0.12455634027719498
1739,Eric Bailly,6,506,0,0.1412620209157467,0,0,2,0,1,0,D,Real Oviedo,0,0.1412620209157467,0.6967093795537949,0.6967093795537949
1762,Ovie Ejaria,7,181,0,0.2249453254044056,0,0.07512999325990677,3,1,1,0,M S,Real Oviedo,0,0.2249453254044056,1.2129120826721191,1.0246025137603283
1791,Trent Alexander-Arnold,10,470,0,0.06021910533308983,2,1.098792027682066,3,10,0,0,D M S,Real Madrid,0,0.06021910533308983,4.619491592049599,4.028516784310341
1822,Antonio Rüdiger,8,671,0,0.13737232331186533,0,0.24611717462539673,4,1,0,0,D S,Real Madrid,0,0.13737232331186533,3.5528602600097656,3.2367289811372757
1830,Ionut Radu,24,2160,0,0,0,0,0,0,0,0,GK,Celta Vigo,0,0,5.179635604843497,5.179635604843497
1857,David López,3,207,0,0.6544463038444519,0,0,1,0,0,0,D S,Girona,0,0.6544463038444519,0.6020162813365459,0.6020162813365459
2090,Marc-André ter Stegen,2,180,0,0,0,0,0,0,0,0,GK,Girona,0,0,0.024569794535636902,0.024569794535636902
2107,Pau López,8,720,0,0,0,0,0,0,1,0,GK,Real Betis,0,0,0.5038064289838076,0.5038064289838076
2122,Joan Jordán,3,15,0,0,0,0,0,0,1,0,S,Sevilla,0,0,0.4800020158290863,0.4800020158290863
2198,Moi Gómez,17,925,0,0.29781237430870533,0,0.7259807605296373,8,7,1,0,M S,Osasuna,0,0.29781237430870533,2.353402130305767,1.584300677292049
2228,Aritz Elustondo,8,334,0,0.10162683576345444,0,0,2,0,0,0,D S,Real Sociedad,0,0.10162683576345444,0.30748037062585354,0.30748037062585354
2229,Yuri,21,1750,0,0.3451912133023143,2,1.4338119998574257,14,19,3,0,D S,Athletic Club,0,0.3451912133023143,5.2083830088377,4.5093740578740835
2255,Isco,1,29,0,0.10447196662425995,1,0.45733559131622314,2,2,0,0,S,Real Betis,0,0.10447196662425995,0.13670529425144196,0.03223332017660141
2260,Daniel Carvajal,8,401,0,0.14130344334989786,0,0.5882058218121529,2,2,0,0,D S,Real Madrid,0,0.14130344334989786,2.2041183188557625,1.4859699681401253
2261,Jan Oblak,23,2070,0,0,0,0,0,0,0,0,GK,Atletico Madrid,0,0,4.5221877954900265,4.5221877954900265
2278,Giménez,10,811,0,0.9808937273919582,0,0,10,0,3,0,D S,Atletico Madrid,0,0.9808937273919582,2.860124137252569,2.7592154555022717
2280,Jonny,23,2016,0,0.7760782577097416,0,0.953083572909236,6,12,5,0,D,Alaves,0,0.7760782577097416,6.8000047486275434,5.459995433688164
2328,Thomas Partey,14,656,0,0.3256993256509304,0,0.18819333612918854,8,5,0,0,M S,Villarreal,0,0.3256993256509304,2.8519517481327057,2.4570636693388224
2346,Aarón,23,2070,0,0,0,0.04639170318841934,0,1,2,0,GK,Real Oviedo,0,0,1.9476933870464563,1.9013016801327467
2353,Pedro Bigas,17,1348,0,0.8019985742866993,2,1.71605977229774,7,10,2,0,D S,Elche,0,0.8019985742866993,7.874520979821682,7.374915264546871
2378,Daniel Parejo,20,1025,0,0.1502215936779976,0,1.5066944574937224,2,18,2,0,M S,Villarreal,0,0.1502215936779976,3.423113401979208,2.675127537921071
2379,João Cancelo,3,92,0,0,0,0.4040658473968506,0,1,0,0,D S,Barcelona,0,0,0.9734275937080383,0.9734275937080383
2385,Mat Ryan,21,1890,0,0,0,0,0,0,2,0,GK,Levante,0,0,1.8131444193422794,1.8131444193422794
2403,Íñigo Lekue,7,354,0,0.13128633052110672,0,0,3,0,1,0,D S,Athletic Club,0,0.13128633052110672,1.5499698370695114,1.418683484196663
2415,David Soria,24,2160,0,0,0,0.046500302851200104,0,1,2,0,GK,Getafe,0,0,0.5397756733000278,0.5397756733000278
2417,Igor Zubeldia,19,1660,0,0.236091997474432,1,0.6090575475245714,5,5,7,0,D S,Real Sociedad,0,0.236091997474432,4.304547775536776,3.8911799676716328
2446,Dani Ceballos,14,433,0,0.08126241341233253,0,0.589991744607687,3,9,1,0,M S,Real Madrid,0,0.08126241341233253,5.186502583324909,4.858281694352627
2479,Toni Lato,7,329,0,0,1,0.4503989275544882,0,3,1,0,D M S,Mallorca,0,0,1.1075307130813599,0.7126760222017765
2498,Aymeric Laporte,13,1042,0,0.3108706083148718,1,0.3456928785890341,6,3,2,0,D S,Athletic Club,0,0.3108706083148718,2.6051952373236418,2.31309000775218
2509,Dimitri Foulquier,15,1149,0,0.42501132003962994,0,0.23674864694476128,6,6,1,0,D S,Valencia,0,0.42501132003962994,4.307144995778799,4.124748399481177
2518,Marcos Llorente,20,1621,0,1.6102898381650448,3,3.373324003070593,13,15,4,0,D M S,Atletico Madrid,0,1.6102898381650448,11.884850399568677,8.639527993276715
2555,Remiro,24,2160,0,0,0,0.11235834658145905,0,3,0,0,GK,Real Sociedad,0,0,4.573854509741068,4.461496155709028
2584,Raíllo,18,1620,0,0.5076148984953761,1,0.29844505712389946,9,6,2,0,D,Mallorca,0,0.5076148984953761,3.327137729153037,3.095754386857152
2597,Dani Calvo,9,694,0,0,0,0,0,0,2,0,D S,Real Oviedo,0,0,0.45240763388574123,0.45240763388574123
2609,Gerard Gumbau,16,447,0,0.36102063301950693,1,0.3757918868213892,9,9,3,0,M S,Rayo Vallecano,0,0.36102063301950693,1.6225119773298502,1.294661097228527
2619,Stole Dimitrievski,6,540,0,0,0,0,0,0,0,0,GK,Valencia,0,0,1.0266846045851707,1.0266846045851707
3208,Óscar Trejo,5,44,0,0.11152663826942444,0,0.15232295915484428,1,3,1,0,S,Rayo Vallecano,0,0.11152663826942444,0.8704848363995552,0.6497752517461777
4091,Unai López,17,1074,0,0.4839955298230052,3,1.2427409896627069,14,22,5,1,M S,Rayo Vallecano,0,0.4839955298230052,4.103829489089549,3.379529193043709
4120,Álex Moreno,21,1839,0,1.4656613990664482,3,2.2245982475578785,15,11,4,0,D S,Girona,0,1.4656613990664482,7.573150731623173,4.700070239137858
4160,David Costas,17,1441,0,0.4482393264770508,0,0.15411266312003136,1,4,2,0,D S,Real Oviedo,0,0.4482393264770508,2.8291703928261995,2.767661428079009
4168,Javi Muñoz,13,480,0,0.32580624148249626,0,0.12691016495227814,13,5,0,0,F M S,Getafe,0,0.32580624148249626,0.6164086405187845,0.28338390588760376
5043,Kiko Femenía,19,1428,0,0.12299233255907893,1,1.0710187070071697,5,12,2,0,D M S,Getafe,0,0.12299233255907893,1.9592251684516668,1.0440702997148037
5050,Clement Lenglet,11,850,0,0.14539480581879616,0,0.0711851418018341,3,3,2,1,D,Atletico Madrid,0,0.14539480581879616,3.6960518304258585,3.5738051179796457
5058,Carles Aleñá,24,1477,0,1.405469749122858,4,3.231279253028333,20,23,3,0,F M S,Alaves,0,1.405469749122858,5.983974689617753,3.2444723211228848
5065,Diego Rico,20,1524,0,0.19348261039704084,0,0.8315106853842735,9,9,2,0,D S,Getafe,0,0.19348261039704084,1.3236535610631108,0.5435091145336628
5073,Florian Lejeune,23,2063,0,1.106409422121942,0,0.21582792978733778,30,9,3,0,D,Rayo Vallecano,0,1.106409422121942,6.868955500423908,6.580968055874109
5077,Mikel Vesga,14,254,0,0.1971089020371437,0,0.06606677174568176,2,1,0,0,M S,Athletic Club,0,0.1971089020371437,0.38203926384449005,0.2973845712840557
5081,Edu Expósito,23,1618,0,1.9345396528951824,5,5.821463834494352,26,55,4,0,M S,Espanyol,0,1.9345396528951824,8.285115029662848,5.1678005158901215
5086,Marc Roca,19,1360,0,0.730182075407356,2,1.6192776914685965,9,11,1,0,M S,Real Betis,0,0.730182075407356,5.490438731387258,4.812419755384326
5110,Mariano,9,266,0,0.1475527435541153,0,0.7592702507972717,5,2,1,0,F S,Alaves,0,0.1475527435541153,0.9259187541902065,0.019095754250884056
5140,Kike Barja,15,153,0,0.015479790046811104,0,0.07618151605129242,1,1,2,0,M S,Osasuna,0,0.015479790046811104,0.20621748268604279,0.11455617658793926
5162,Nacho Vidal,15,1159,0,1.3361311256885529,0,0.07062487676739693,7,2,2,0,D S,Real Oviedo,0,1.3361311256885529,2.5520735811442137,1.1751728542149067
5179,Jon Guridi,16,562,0,0.9596322737634182,0,0.03034828044474125,6,1,0,0,F M S,Alaves,0,0.9596322737634182,1.801022220402956,0.9717370606958866
5185,Unai Simón,24,2160,0,0,0,0.03188738599419594,0,1,0,0,GK,Athletic Club,0,0,2.515190079808235,2.48330270498991
5199,Raba,11,235,0,0.19945612736046314,1,0.3187341094017029,7,2,0,0,F S,Valencia,0,0.19945612736046314,0.46853118669241667,0.08530969265848398
5353,Josip Brekalo,14,482,0,0.30889102537184954,0,1.6458159163594246,9,11,1,0,F M S,Real Oviedo,0,0.30889102537184954,2.2394321858882904,0.8675312828272581
5556,Ademola Lookman,2,94,0,0.07805178314447403,0,0.06061902642250061,2,1,1,0,F S,Atletico Madrid,0,0.07805178314447403,0.13867081701755524,0
5615,Valentin Rosier,17,1318,0,0.14503745455294847,1,0.8736332003027201,4,8,2,1,D S,Osasuna,0,0.14503745455294847,2.102520637214184,1.2893645856529474
5672,Iván Balliu,9,236,0,0.61431117169559,0,0.022238723933696747,2,1,3,0,D S,Rayo Vallecano,0,0.61431117169559,1.2450470887124538,0.6084972210228443
5947,Mihailo Ristic,4,265,0,0.016058174893260002,0,0.06603759899735451,1,2,0,0,D,Celta Vigo,0,0.016058174893260002,0.6196794584393501,0.5375836826860905
6075,Antonio Sivera,24,2160,0,0,0,0,0,0,0,0,GK,Alaves,0,0,1.1862286599352956,1.1862286599352956
6118,Portu,10,463,0,1.6742162741720676,0,0.18959057331085205,9,3,2,0,F M S,Girona,0,1.6742162741720676,2.053294636309147,0.457047451287508
6149,Unai Núñez,2,162,0,0.01672394946217537,0,0,1,0,0,0,D,Valencia,0,0.01672394946217537,0.5762106478214264,0.5594866871833801
6151,Djené Dakonam,23,1763,0,0.06865107547491789,0,0.06647966057062149,3,1,6,0,D M S,Getafe,0,0.06865107547491789,1.5505763031542301,1.5225605852901936
6177,Luiz Felipe,8,293,0,0.23700565844774246,0,0,3,0,1,0,D S,Rayo Vallecano,0,0.23700565844774246,0.16302380710840225,0.16302380710840225
6224,Marko Dmitrovic,24,2160,0,0,0,0.030415348708629608,0,1,0,0,GK,Espanyol,0,0,3.3830290595069528,3.3526137033477426
6233,Ferland Mendy,1,1,0,0,0,0,0,0,0,0,S,Real Madrid,0,0,0,0
6242,Johan Mojica,24,1835,0,0.34623828809708357,3,2.3032549219205976,12,20,3,0,D S,Mallorca,0,0.34623828809708357,5.405189698562026,3.3488363875076175
6291,Diego Pampín,5,267,0,0.049003809690475464,0,0.06793508678674698,1,1,2,0,D S,Levante,0,0.049003809690475464,0.3309687525033951,0.21402985602617264
6306,Juan Foyth,13,946,0,0.07373266108334064,0,0,2,0,2,0,D S,Villarreal,0,0.07373266108334064,4.523703388869762,4.523703388869762
6324,Marash Kumbulla,7,419,0,0.0868991632014513,0,0.02258423902094364,3,1,1,0,D S,Mallorca,0,0.0868991632014513,0.6233834195882082,0.5607796404510736
6325,Andoni Gorosabel,13,661,0,0.18209962453693151,1,0.44734206795692444,4,8,2,0,D S,Athletic Club,0,0.18209962453693151,2.969570005312562,2.5539982803165913
6421,Brahim Diaz,16,414,0,0.4928147457540035,4,1.9544214978814125,7,12,1,0,F M S,Real Madrid,0,0.4928147457540035,3.3281033784151077,1.3152191489934921
6485,Júnior Firpo,8,542,0,0.4448377713561058,1,0.9201705604791641,5,7,2,0,D S,Real Betis,0,0.4448377713561058,2.6597598046064377,2.1861298382282257
6560,Aurelien Tchouameni,21,1752,0,1.9088441357016563,0,2.108360268175602,23,18,5,0,M S,Real Madrid,0,1.9088441357016563,11.487402871251106,9.573216512799263
6656,Sergio Gómez,22,1623,0,0.663485505618155,1,3.288975070230663,7,24,1,0,D M S,Real Sociedad,0,0.663485505618155,5.899158138781786,3.7664713356643915
6750,Gonzalo Villar,1,7,0,0,0,0,0,0,1,0,S,Elche,0,0,0,0
6766,Dani Vivian,19,1650,0,1.2286431845277548,0,0.7177998423576355,11,3,6,1,D S,Athletic Club,0,1.2286431845277548,3.565668024122715,3.410381980240345
6916,Fernando Calero,19,1505,0,1.864722820930183,0,0.5543733611702919,9,3,3,0,D S,Espanyol,0,1.864722820930183,2.328415486961603,2.1239466555416584
7007,Duje Caleta-Car,15,1139,0,0.9662029892206192,0,0.19668001495301723,6,3,4,1,D S,Real Sociedad,0,0.9662029892206192,3.1074620597064495,2.9107820205390453
7050,Lucas Torró,22,1608,0,1.556395173072815,1,0.996150997467339,17,10,6,0,M S,Osasuna,0,1.556395173072815,3.837626138702035,2.7544487258419394
7086,David Hancko,23,1852,0,0.7851809356361628,2,2.0504421088844538,15,12,0,0,D S,Atletico Madrid,0,0.7851809356361628,8.072350386530161,6.0391377955675125
7095,Juan Musso,1,90,0,0,0,0,0,0,1,0,GK,Atletico Madrid,0,0,0.13032278418540955,0.13032278418540955
7287,Iñaki Peña,16,1440,0,0,0,0.40407949686050415,0,3,0,0,GK,Elche,0,0,3.897747155278921,3.5779708586633205
7306,Aihen Muñoz,16,663,0,0.43967458233237267,0,0.32578490674495697,5,4,1,0,D S,Real Sociedad,0,0.43967458233237267,3.117821928113699,2.461114764213562
7338,Bryan Gil Salvatierra,21,1220,0,2.174213159829378,3,3.310548197478056,20,17,3,0,F M S,Girona,0,2.174213159829378,8.207900065928698,5.3059629164636135
7350,Yangel Herrera,6,278,0,0.5728158596903086,0,0,4,0,1,0,M S,"Girona,Real Sociedad",0,0.5728158596903086,0.1789857465773821,0.13895705342292786
7385,Javi Galán,12,736,0,0.11688367277383804,1,1.1305794399231672,2,15,1,0,D S,"Atletico Madrid,Osasuna",0,0.11688367277383804,2.7003505639731884,2.1350467391312122
7424,Alex Sola,1,10,0,0,0,0,0,0,0,0,S,Getafe,0,0,0,0
7500,Giacomo Raspadori,12,203,0,0.8766965568065643,1,0.9504356123507023,7,4,1,0,F S,Atletico Madrid,0,0.8766965568065643,1.947984542697668,0.268772192299366
7515,Andrei Ratiu,20,1747,0,1.8863302115350962,2,3.7519709821790457,20,22,5,0,D M,Rayo Vallecano,0,1.8863302115350962,9.315249040722847,6.229714244604111
7528,Sergio Camello,13,443,0,1.3687525819987059,0,0.16626122035086155,9,6,1,1,F S,Rayo Vallecano,0,1.3687525819987059,1.7590397410094738,0.35997410118579865
7529,Iván Martín,22,1814,0,0.9542823825031519,1,1.2356217429041862,8,15,3,1,M S,Girona,0,0.9542823825031519,7.082897478714585,5.191554808989167
7549,Abel Ruiz,3,28,0,0,0,0,0,0,0,0,S,Girona,0,0,0,0
7574,Leo Petrot,21,915,0,0.27634359896183014,0,0.025175416842103004,5,1,1,0,D S,Elche,0,0.27634359896183014,2.164963338524103,1.9809965901076794
7613,Moussa Diarra,3,225,0,0,0,0.015075083822011948,0,1,1,0,D,Alaves,0,0,0.06127706915140152,0.06127706915140152
7655,Carl Starfelt,17,1312,0,0.3869095593690872,0,0.07768241316080093,4,1,1,1,D S,Celta Vigo,0,0.3869095593690872,5.058607902377844,5.005790065973997
7781,Frenkie de Jong,18,1400,0,0.5917692370712757,4,4.145390670746565,6,27,3,1,M S,Barcelona,0,0.5917692370712757,18.287542037665844,15.307250835001469
7826,Joseph Aidoo,3,195,0,0.35323455929756165,0,0,2,0,0,0,D S,Celta Vigo,0,0.35323455929756165,0.7488298155367374,0.7488298155367374
7838,Martin Valjent,24,2160,0,0.41776646859943867,0,0.1219035629183054,13,2,2,0,D,Mallorca,0,0.41776646859943867,5.918865438550711,5.598739701323211
7841,Dani Rodríguez,2,56,0,0.02346600592136383,0,0,1,0,0,0,S,Mallorca,0,0.02346600592136383,0.09653826057910919,0.07307225465774536
7857,Jon Moncayola,22,1863,0,2.0499738585203886,4,3.666969444602728,16,26,5,0,D M S,Osasuna,0,2.0499738585203886,6.908644400537014,2.8338406644761562
7859,Sergio Herrera,24,2160,0,0,0,0,0,0,2,0,GK,Osasuna,0,0,1.1340308096259832,1.1340308096259832
7860,Domingos Duarte,21,1819,0,0.5339475553482771,0,0,8,0,8,0,D,Getafe,0,0.5339475553482771,0.3796699745580554,0.3796699745580554
7882,Sheraldo Becker,9,124,0,0.16511926800012589,0,0.25038790702819824,3,2,0,0,S,Osasuna,0,0.16511926800012589,0.41550716757774353,0
7927,Sofyan Amrabat,8,593,0,0.11247729696333408,0,0.18590909987688065,4,4,3,0,M S,Real Betis,0,0.11247729696333408,2.5722275860607624,2.2977540343999863
7981,Nianzou Kouassi,8,411,0,0.12777877412736416,0,0.0732131227850914,3,1,4,0,D S,Sevilla,0,0.12777877412736416,0.9354079738259315,0.8471246510744095
8002,Rodrigo Riquelme,17,592,0,2.04518155567348,1,1.3659786386415362,17,13,1,0,M S,Real Betis,0,2.04518155567348,5.195546310395002,1.8547072419896722
8014,Abdón Prats,9,56,0,0.5610876977443695,0,0.11498812586069107,3,2,0,0,S,Mallorca,0,0.5610876977443695,1.2143099550157785,0.6818445790559053
8058,Thierry Correia,15,971,0,0.22537650913000107,1,1.1067818962037563,4,7,3,0,D S,Valencia,0,0.22537650913000107,3.6663754750043154,2.7336763348430395
8267,Guido Rodríguez,2,50,0,0.025743378326296806,0,0,1,0,0,0,S,Valencia,0,0.025743378326296806,0.025743378326296806,0
8329,Unai Vencedor,14,803,0,0,0,1.4889265540987253,0,11,3,1,M S,Levante,0,0,2.0719715356826782,1.0804552510380745
8409,Juanlu Sanchez,20,1356,0,0.5994512587785721,2,1.1261691823601723,10,17,1,1,D M S,Sevilla,0,0.5994512587785721,3.72231887280941,2.21000899001956
8413,Javier López,11,675,0,0.0695307906717062,0,0.34605569299310446,2,8,0,0,D S,Real Oviedo,0,0.0695307906717062,1.692935174331069,1.4038789011538029
8416,Sergio Lozano,1,7,0,0,0,0,0,0,0,0,S,Levante,0,0,0,0
8423,Jon Pacheco Dozagarat,18,1501,0,0.24303779192268848,0,0.7593822702765465,4,5,2,0,D S,Alaves,0,0.24303779192268848,1.8063870761543512,1.6591280344873667
8424,Aimar Oroz,18,1338,0,1.0969870574772358,2,2.4871698897331953,19,22,4,0,F M S,Osasuna,0,1.0969870574772358,4.176036007702351,2.2500019054859877
8500,Víctor García,10,346,0,0.1333162896335125,0,0.3976311720907688,4,4,0,0,M S,Levante,0,0.1333162896335125,0.4207865484058857,0.24809014797210693
8548,Arnau Tenas,3,270,0,0,0,0,0,0,0,0,GK,Villarreal,0,0,0.17060019820928574,0.17060019820928574
8584,Raul Moro,3,180,0,0.1058255061507225,1,0.3416753299534321,3,4,0,0,M S,Osasuna,0,0.1058255061507225,0.3400292247533798,0.09013289213180542
8689,Yvan Neyou,5,49,0,0,0,0,0,0,2,0,S,Getafe,0,0,0,0
8725,Luis Milla,23,2034,0,0.8646286781877279,8,5.012177703902125,17,52,2,1,M,Getafe,0,0.8646286781877279,4.709323591552675,2.6788514852523804
8744,Juan Cruz,12,586,0,0.5461479425430298,0,0.07363276183605194,1,2,0,0,D S,Osasuna,0,0.5461479425430298,0.9202199894934893,0.8465872090309858
8760,Arsen Zakharyan,12,263,0,0.12710387259721756,0,0.8556026145815849,6,8,1,0,M S,Real Sociedad,0,0.12710387259721756,1.791700392961502,1.195064628496766
8764,Oriol Rey,12,745,0,0.1823338968679309,0,0.09645482897758484,4,2,2,0,M S,Levante,0,0.1823338968679309,3.359131120145321,3.1482018381357193
8821,Donny van de Beek,2,37,0,0.07745239697396755,0,0,2,0,0,0,M S,Girona,0,0.07745239697396755,0.37449878454208374,0.29704639315605164
8861,Urko Gonzalez,23,1448,0,0.502807954326272,1,0.17090405710041523,11,7,3,0,M S,"Espanyol,Real Sociedad",0,0.502807954326272,3.6660201717168093,3.253694297745824
8872,Matteo Ruggeri,17,1061,0,0.1837402693927288,0,1.2028591986745596,3,12,3,0,D S,Atletico Madrid,0,0.1837402693927288,6.570179790258408,5.654518753290176
8893,Josan,12,402,0,0.2787706330418587,2,2.0295202285051346,3,10,2,0,D M S,Elche,0,0.2787706330418587,3.8785319039598107,1.9161278614774346
8895,Tete Morente,1,85,0,0.11926395446062088,0,0,1,0,1,0,D,Elche,0,0.11926395446062088,0.018480565398931503,0.018480565398931503
8902,José Salinas,9,213,0,0,0,0.12903016805648804,0,4,2,0,D S,Espanyol,0,0,0.9803878664970398,0.9603677988052368
8946,Mourad El Ghezouani,2,42,0,0.1101522445678711,0,0.03020547889173031,1,1,0,0,S,Elche,0,0.1101522445678711,0.2580279465764761,0.1176702231168747
8963,Nahuel Molina,16,703,0,0.050652045756578445,1,1.3222720678895712,3,12,1,0,D S,Atletico Madrid,0,0.050652045756578445,4.767763704061508,3.7809284552931786
8972,Victor Chust,18,1387,0,0.2989140059798956,0,0.048906778916716576,4,2,5,1,D S,Elche,0,0.2989140059798956,5.086963357403874,5.086963357403874
9008,Jairo Izquierdo,1,22,0,0,0,0,0,0,0,0,S,Elche,0,0,0,0
9024,Yeremi Pino,2,165,0,0.12507127225399017,1,0.8602673262357712,2,6,0,0,M,Villarreal,0,0.12507127225399017,2.0280728340148926,1.4558568000793457
9217,Jesús Vázquez,14,626,0,0.19206925854086876,0,0.3937843590974808,6,7,2,0,D S,Valencia,0,0.19206925854086876,2.6151297334581614,2.2549167796969414
9243,Ilaix Moriba,24,1582,0,1.1515593770891428,1,1.6196029260754585,15,13,4,0,M S,Celta Vigo,0,1.1515593770891428,7.983750189654529,5.477569103240967
9297,Abdelkabir Abqar,12,856,0,0.3874060558155179,1,0.6101937890052795,7,3,6,0,D S,Getafe,0,0.3874060558155179,0.2878661444410682,0.25763158313930035
9424,Pablo Cuñat,2,180,0,0,0,0,0,0,0,0,GK,Levante,0,0,0,0
9465,Beñat Turrientes,15,639,0,0.5849489085376263,1,0.7044643573462963,13,4,4,0,M S,Real Sociedad,0,0.5849489085376263,2.9622348975390196,1.9427343308925629
9505,Beñat Prados,2,87,0,0.02024441957473755,0,0.03657878190279007,1,2,1,0,M S,Athletic Club,0,0.02024441957473755,0.1660694107413292,0.12949062883853912
9519,Carlos Domínguez,6,425,0,0.04288867488503456,0,0.032405056059360504,1,1,1,0,D S,Celta Vigo,0,0.04288867488503456,2.0606513395905495,2.028246283531189
9520,Hugo Sotelo,14,922,0,0.08968411758542061,1,1.493307976052165,2,19,2,0,M S,Celta Vigo,0,0.08968411758542061,4.581185942515731,4.084088444709778
9768,Jesús Areso,20,1264,0,0.09548324905335903,1,1.382215665653348,3,18,3,0,D S,Athletic Club,0,0.09548324905335903,2.4541957676410675,1.8427902907133102
9773,Joan García,18,1620,0,0,0,0,0,0,1,0,GK,Barcelona,0,0,7.203304633498192,7.203304633498192
9793,Matías Dituro,8,720,0,0,0,0.07724954187870026,0,1,1,0,GK,Elche,0,0,2.8829198889434338,2.8056703619658947
9804,Gavi,2,50,0,0,1,0.14011242240667343,0,3,0,0,S,Barcelona,0,0,0.5714934319257736,0.46363574266433716
9805,Álex Balde,20,1465,0,0.3146120570600033,2,2.844735460355878,8,21,1,0,D S,Barcelona,0,0.3146120570600033,12.360046025365591,9.567408662289381
9813,Randy Nteka,7,66,0,0.208919795230031,0,0.022158803418278694,4,1,0,0,S,Rayo Vallecano,0,0.208919795230031,0.13840808905661106,0.022158803418278694
9824,Julen Agirrezabala,18,1620,0,0,0,0.013403872959315777,0,1,1,0,GK,Valencia,0,0,0.8106938730925322,0.8106938730925322
9839,Leo Román,19,1710,0,0,0,0,0,0,2,0,GK,Mallorca,0,0,2.4479716159403324,2.4479716159403324
9922,Jon Karrikaburu,6,106,0,0.6936077550053596,0,0.023855186998844147,6,1,0,0,S,Real Sociedad,0,0.6936077550053596,0.4677266627550125,0
9970,Antonio Sánchez,20,745,0,0.15800665132701397,0,0.725907351821661,5,7,2,1,M S,Mallorca,0,0.15800665132701397,2.288825713098049,1.4421144593507051
10067,Rubén Sánchez,13,433,0,0.05474662687629461,0,0.07449056580662727,3,3,2,0,D S,Espanyol,0,0.05474662687629461,2.6743216067552567,2.606812447309494
10101,Carlos Martín,4,210,0,0.28286586701869965,0,0.5321508049964905,3,1,1,0,F M S,Rayo Vallecano,0,0.28286586701869965,0.9909422993659973,0.17592563852667809
10107,César Tárrega,21,1677,0,0.28319244273006916,0,0.09015997312963009,7,2,5,0,D S,Valencia,0,0.28319244273006916,3.5200801035389304,3.4549699714407325
10121,Ilias Akhomach,12,371,0,1.7999126240611076,0,1.0029898211359978,11,6,1,0,M S,"Rayo Vallecano,Villarreal",0,1.7999126240611076,3.616965640336275,1.6153937131166458
10128,Javi Llabrés,12,125,0,0.2208419982343912,0,0.04367212951183319,4,1,0,0,M S,Mallorca,0,0.2208419982343912,0.26628758013248444,0.07487251050770283
10155,Rubén Iranzo,1,1,0,0,0,0,0,0,0,0,S,Valencia,0,0,0,0
10189,Marc Pubill,10,680,0,0.11351489834487438,1,0.5177794694900513,4,2,1,0,D S,Atletico Madrid,0,0.11351489834487438,3.584607157856226,3.212001595646143
10209,Jofre Carreras,16,626,0,0.6856383066624403,0,1.141233742237091,12,10,1,0,M S,Espanyol,0,0.6856383066624403,2.267945546656847,0.8137213066220284
10322,Javier Guerra,23,1077,0,1.131604002788663,3,1.8065107055008411,13,12,2,0,M S,Valencia,0,1.131604002788663,4.526322504505515,2.6893869545310736
10380,Zito,1,41,0,0,0,0,0,0,0,0,S,Mallorca,0,0,0.07843846827745438,0.07843846827745438
10397,Ugo Raghouber,4,287,0,0.019962619990110397,0,0,1,0,0,0,M S,Levante,0,0.019962619990110397,0.13360361568629742,0.11364099569618702
10526,Abu Kamara,9,162,0,0.37469766288995743,0,0.05206183157861233,3,2,1,0,M S,Getafe,0,0.37469766288995743,0.4386438447982073,0.011884352192282677
10614,Damián Rodríguez,2,155,0,0.06661918014287949,0,0.12111035734415054,3,2,1,0,M,Celta Vigo,0,0.06661918014287949,1.6293264627456665,1.5556451082229614
10620,Luca Koleosho,3,48,0,0.024271871894598007,0,0.018936829641461372,1,1,0,0,S,Espanyol,0,0.024271871894598007,0.2459692731499672,0.20276057720184326
10858,Jorge Herrando,20,1106,0,0.17066956497728825,1,0.6935188174247742,3,2,2,0,D S,Osasuna,0,0.17066956497728825,0.9970357771962881,0.9641005489975214
10875,Omar El Hilali,22,1689,0,0.013671329244971275,2,1.2945632822811604,1,10,5,0,D S,Espanyol,0,0.013671329244971275,3.2905351230874658,2.559225202538073
10936,Charles Pickel,15,443,0,0.3117977902293205,0,0.03527922462671995,7,2,1,0,M S,Espanyol,0,0.3117977902293205,1.9143752120435238,1.793533420190215
10982,Copete,20,1677,0,1.908667866140604,0,0.1642674310132861,11,5,5,0,D S,Valencia,0,1.908667866140604,4.058584096841514,3.9983416562899947
11057,André Almeida,14,809,0,0.8195844329893589,1,1.4069484220817685,8,12,0,0,F M S,Valencia,0,0.8195844329893589,4.10011294297874,2.642180483788252
11151,Marc Casadó,16,719,0,0.45990472193807364,1,0.4292725957930088,9,10,0,0,M S,Barcelona,0,0.45990472193807364,6.920169308781624,6.297323413193226
11185,Pablo Marín,21,957,0,1.2237660996615887,0,0.20736119523644447,12,6,1,0,M S,Real Sociedad,0,1.2237660996615887,2.7354973200708628,1.474159799516201
11266,Manu Bueno,4,62,0,0.09565921127796173,0,0.20055122673511505,1,2,0,0,S,Sevilla,0,0.09565921127796173,0.7844276577234268,0.583876445889473
11306,Cyril Ngonge,2,88,0,0.07234230637550354,1,0.40525493025779724,2,2,0,0,M S,Espanyol,0,0.07234230637550354,0.4164338856935501,0.07666684594005346
11343,Gabriel Suazo,17,1339,0,0.25800937227904797,2,2.157351717352867,4,28,4,0,D S,Sevilla,0,0.25800937227904797,4.534300159662962,3.4071822483092546
11381,Dawda Camara,2,73,0,0.16032399237155914,0,0.07423870265483856,2,1,0,0,F S,Girona,0,0.16032399237155914,0.13990389555692673,0
11383,Renato Veiga,20,1539,0,0.1798072038218379,0,0.026899155229330063,8,1,3,1,D S,Villarreal,0,0.1798072038218379,7.584239838644862,7.456852249801159
11395,Iker Muñoz,10,500,0,0.09156307205557823,0,0.036845967173576355,4,1,3,0,M S,Osasuna,0,0.09156307205557823,0.5796341020613909,0.4512250628322363
11401,Haissem Hassan,22,1312,0,1.3355888947844505,2,1.2885414697229862,27,14,1,0,F M S,Real Oviedo,0,1.3355888947844505,4.4885004330426455,2.2915819492191076
11617,Yago Alonso,8,269,0,0.1545259803533554,0,0.08231541514396667,2,2,1,0,M S,Elche,0,0.1545259803533554,0.6895101312547922,0.5053495075553656
11705,Federico Gattoni,1,5,0,0,0,0,0,0,0,0,S,Sevilla,0,0,0,0
11740,Álvaro Vallés,16,1440,0,0,0,0,0,0,1,0,GK,Real Betis,0,0,2.3588689072057605,2.3588689072057605
11744,Sergi Cardona,18,1119,0,0.5884034112095833,3,2.1952627934515476,10,11,3,0,D S,Villarreal,0,0.5884034112095833,7.220312267541885,6.306149784475565
11809,Lucas Bergström,5,450,0,0,0,0,0,0,1,0,GK,Mallorca,0,0,0.9126056060194969,0.9126056060194969
11825,Abderrahmane Rebbach,19,807,0,2.230539808049798,0,2.83105556294322,26,16,4,0,F M S,Alaves,0,2.230539808049798,3.0652218610048294,0.47317318618297577
11826,Carlos Benavídez,7,204,0,0.15141402184963226,0,0.08307222090661526,2,2,0,1,D S,Alaves,0,0.15141402184963226,0.21105611324310303,0.06143838353455067
11834,Adrià Alti,1,7,0,0,0,0,0,0,0,0,S,Villarreal,0,0,0.028195347636938095,0.028195347636938095
11890,Natan,22,1907,0,0.35661194007843733,0,0.18756740260869265,8,5,5,0,D,Real Betis,0,0.35661194007843733,5.8748007491230965,5.753515549004078
11924,Clemens Riedel,11,726,0,0.10876551270484924,1,0.14416120201349258,3,2,3,0,D S,Espanyol,0,0.10876551270484924,2.395243052393198,2.329874459654093
12044,Dani Pérez,1,1,0,0,0,0,0,0,0,0,S,Real Betis,0,0,0,0
12046,Jhon Solis,12,362,0,0.1824372038245201,0,0.06164813041687012,3,1,0,0,M S,Girona,0,0.1824372038245201,0.8263201098889112,0.7203838434070349
12074,David López,5,424,0,0.16264110803604126,0,0,3,0,1,0,D,Mallorca,0,0.16264110803604126,0.8480909280478954,0.8480909280478954
12180,Javier Rodríguez,20,1497,0,0.724148616194725,0,0.1425361493602395,7,7,3,0,D S,Celta Vigo,0,0.724148616194725,5.914010099135339,5.393981314264238
12189,Hugo Rincón,21,1198,0,0.5865140128880739,1,0.9725634623318911,5,8,2,0,D S,Girona,0,0.5865140128880739,3.9060055650770664,3.0291867684572935
12207,Victor Parada,17,1091,0,1.1874828385189176,1,1.5048121055588126,5,9,6,0,D S,Alaves,0,1.1874828385189176,3.2496982626616955,2.501223910599947
12298,Augusto Batalla,23,2070,0,0,0,0.050469039008021355,0,2,4,0,GK,Rayo Vallecano,0,0,5.738912405446172,5.718752356246114
12323,Johnny Cardoso,9,551,0,0.04422198887914419,0,0.27193814516067505,2,2,4,0,M S,Atletico Madrid,0,0.04422198887914419,2.279377058148384,1.9980518892407417
12353,Jon Martín,15,1350,0,1.0390478884801269,0,0.18847600370645523,11,2,4,0,D,Real Sociedad,0,1.0390478884801269,3.856233563274145,3.6029786728322506
12426,Stanis Idumbo Muzambo,1,48,0,0.049450766295194626,0,0.2678038775920868,1,1,0,0,M,Sevilla,0,0.049450766295194626,0.3172546625137329,0
12472,Iñigo Arguibide,5,182,0,0,0,0.03171418979763985,0,1,0,1,D S,Osasuna,0,0,0.13765155244618654,0.1059373626485467
12642,Yoel Lago,4,340,0,0,0,0.02443986013531685,0,1,2,0,D,Celta Vigo,0,0,0.9825319685041904,0.9580921083688736
12721,Ladislav Krejcí,2,180,0,0.12153472751379013,0,0,1,0,1,0,D,Girona,0,0.12153472751379013,0.11344128288328648,0.11344128288328648
12723,Alejandro Francés,14,463,0,0.10392804723232985,0,0.5152401626110077,4,4,1,1,D S,Girona,0,0.10392804723232985,1.9543947204947472,1.745582565665245
12724,Adama Boiro,8,507,0,0.03685692697763443,0,0.13991212099790573,1,3,1,0,D S,Athletic Club,0,0.03685692697763443,1.1023500747978687,0.9663668945431709
12821,Gerard Martín,20,1106,0,0.06416411511600018,0,0.6431598840281367,2,11,4,0,D S,Barcelona,0,0.06416411511600018,7.959509460255504,7.470600349828601
12863,Pedro Díaz,20,1148,0,0.7274555750191212,0,0.8949448531493545,25,17,1,0,F M S,Rayo Vallecano,0,0.7274555750191212,4.9070595763623714,3.7469668108969927
12864,Pelayo Fernández,1,37,0,0.05708131566643715,0,0,1,0,0,0,S,Rayo Vallecano,0,0.05708131566643715,0.08538762480020523,0.08538762480020523
12883,Marc Domenech,7,198,0,0.11695468425750732,1,0.5047692880034447,3,2,0,0,M S,Mallorca,0,0.11695468425750732,0.6539514735341072,0.05123499780893326
12884,Endrick,1,5,0,0,0,0,0,0,0,0,S,Real Madrid,0,0,0,0
12901,Antoniu Roca,8,92,0,0.18167980015277863,0,0.016356244683265686,3,1,1,0,M S,Espanyol,0,0.18167980015277863,1.5741547010838985,1.3761186562478542
12914,Pau Navarro,11,920,0,0.02267860621213913,0,0.3208489306271076,1,2,3,0,D,Villarreal,0,0.02267860621213913,2.813379868865013,2.491561472415924
12917,Luiz Júnior,20,1800,0,0,0,0,0,0,3,0,GK,Villarreal,0,0,4.632788695394993,4.632788695394993
12951,Jan Salas,2,6,0,0,0,0,0,0,0,0,S,Mallorca,0,0,0,0
12995,Bojan Miovski,1,44,0,0,0,0,0,0,0,0,F,Girona,0,0,0,0
13003,Santiago Mouriño,16,1351,0,0.3152928985655308,1,0.11106771603226662,6,4,6,1,D S,Villarreal,0,0.3152928985655308,7.256259271875024,7.1325209233909845
13005,Yáser Asprilla,15,601,0,0.5583002185449004,0,1.7849864326417446,15,12,0,0,F M S,Girona,0,0.5583002185449004,1.4411142249591649,0.7090051285922527
13047,Coba da Costa,14,318,0,0.2343458440154791,0,0.08499301550909877,5,3,1,0,M S,Getafe,0,0.2343458440154791,0.6364300651475787,0.43546302150934935
13083,Matías Moreno,15,1163,0,0.8981466107070446,0,0.11636460199952126,5,2,4,0,D S,Levante,0,0.8981466107070446,3.48110743239522,3.459869485348463
13110,Toni Fernández,1,48,0,0,0,0.08811617642641068,0,1,0,0,F,Barcelona,0,0,0.08811617642641068,0
13113,David Jiménez,2,78,0,0.09088162332773209,0,0,1,0,0,0,D S,Real Madrid,0,0.09088162332773209,0.2897253930568695,0.19884377717971802
13198,Ramón Martínez,2,99,0,0,0,0,0,0,0,0,S,Sevilla,0,0,0.885494738817215,0.885494738817215
13200,Fernando López,3,258,0,0,0,0.05568585731089115,0,2,0,0,F M,Celta Vigo,0,0,1.0794208943843842,1.0432903915643692
13267,Arkaitz Mariezkurrena,1,1,0,0,0,0,0,0,0,0,S,Real Sociedad,0,0,0,0
13278,Youssef Lekhedim,18,915,0,0.7496434235945344,0,1.3322024308145046,9,8,2,0,D S,Alaves,0,0.7496434235945344,3.976601107046008,2.5680010467767715
13319,Facundo Garcés,9,760,0,0.5727078719064593,0,0,7,0,3,0,D S,Alaves,0,0.5727078719064593,0.7101098354905844,0.6371504832059145
13334,Ismael Bekhoucha,4,106,0,0.025432489812374115,1,0.721170961856842,1,1,2,0,D S,Getafe,0,0.025432489812374115,1.1573026180267334,0.4361315965652466
13374,Ángel Ortiz,10,426,0,0.027390213683247566,0,0.822559604421258,1,5,1,0,D S,Real Betis,0,0.027390213683247566,1.3455298570916057,0.6150019513443112
13376,Pablo García,14,331,0,1.302853174507618,0,0.055034251883625984,11,2,1,0,M S,Real Betis,0,1.302853174507618,1.5911442004144192,0.32319243252277374
13420,Vladyslav Krapyvtsov,2,136,0,0,0,0,0,0,0,0,GK S,Girona,0,0,0.06566519290208817,0.06566519290208817
13543,Valde,1,81,0,0,0,0.018097510561347008,0,1,0,0,D,Real Madrid,0,0,0.16238687932491302,0.14428937435150146
13558,Daniel Díaz,1,13,0,0,0,0,0,0,0,0,S,Real Sociedad,0,0,0,0
13580,Mikel Goti,4,64,0,0.7785072475671768,0,0,3,0,0,0,M S,Real Sociedad,0,0.7785072475671768,0.17681260406970978,0
13600,Andrés Castrín,9,645,0,0.19655121862888336,0,0.03327217325568199,4,1,3,0,D S,Sevilla,0,0.19655121862888336,1.0559398233890533,1.0559398233890533
13615,Oso,8,546,0,0.7178159095346928,1,1.4861445799469948,8,11,0,0,D S,Sevilla,0,0.7178159095346928,3.167451674118638,1.4955061618238688
13638,Hugo Solozabal,1,4,0,0,0,0,0,0,0,0,S,Getafe,0,0,0,0
13646,Lander Pinillos,1,1,0,0,0,0,0,0,0,0,S,Alaves,0,0,0,0
13649,Claudio Echeverri,4,104,0,0.15878078527748585,0,0.30806028097867966,3,3,1,0,S,Girona,0,0.15878078527748585,0.6416379902511835,0.3561571091413498
13694,Jozhua Vertrouwd,7,259,0,0.08462949842214584,0,0.07786183804273605,1,2,0,0,D S,Rayo Vallecano,0,0.08462949842214584,0.8323214426636696,0.8255295380949974
13695,Samu Becerra,3,9,0,0,0,0.08462949842214584,0,1,0,0,S,Rayo Vallecano,0,0,0,0
13697,Oier Luengo,3,228,0,0.07012586295604706,1,0.09894325584173203,1,1,0,0,D,Real Oviedo,0,0.07012586295604706,0.2799486219882965,0.2799486219882965
13698,Rahim Alhassane,19,1402,0,0.04990043584257364,0,1.3877692874521017,2,14,1,0,D S,Real Oviedo,0,0.04990043584257364,4.295082878321409,3.419774617999792
13699,Kwasi Sibo,14,853,0,0.2456362619996071,0,0.02602490596473217,6,2,1,0,M S,Real Oviedo,0,0.2456362619996071,2.9275956749916077,2.6808833461254835
13702,Borja Sánchez,1,9,0,0,0,0,0,0,0,0,S,Real Oviedo,0,0,0,0
13703,Marco Esteban,1,40,0,0,0,0,0,0,0,0,S,Real Oviedo,0,0,0,0
13704,Omar Falah,1,9,0,0,0,0,0,0,0,0,S,Real Oviedo,0,0,0,0
13748,Jofre Torrents,3,33,0,0,0,0,0,0,0,0,S,Barcelona,0,0,1.2118503153324127,1.2118503153324127
13749,Dro Fernández,4,83,0,0,0,0.05164836347103119,0,2,0,0,M S,Barcelona,0,0,0.6772245950996876,0.6255762316286564
13761,Filip Ugrinic,14,754,0,0.26270017214119434,3,1.7340201186016202,9,9,3,0,M S,Valencia,0,0.26270017214119434,3.6251269057393074,3.013358755968511
13764,Calebe,16,732,0,0.14146154932677746,0,0.4210248803719878,5,10,2,0,D F M S,Alaves,0,0.14146154932677746,2.8676237473264337,2.349636770784855
13766,Jorge Cabello,5,367,0,0,0,0,0,0,1,0,D S,Levante,0,0,0.7887009792029858,0.7887009792029858
13767,Roger Brugué,15,914,0,2.8458912689238787,1,0.6584169827401638,18,6,1,0,F M S,Levante,0,2.8458912689238787,5.168369673192501,2.3214142620563507
13770,Paco Cortés,5,73,0,0.04522702842950821,0,0,1,0,0,0,S,Levante,0,0.04522702842950821,0.3392792120575905,0.2940521836280823
13772,Nacho Pérez,1,78,0,0,0,0.024241287261247635,0,1,0,0,D,Levante,0,0,0.024241287261247635,0
13787,Manuel Fernández,12,723,0,0.04206627048552036,0,0.031080355867743492,2,2,2,0,D S,Celta Vigo,0,0.04206627048552036,3.782723367214203,3.7095767855644226
13788,Davinchi,7,416,0,0.1721816435456276,0,0.029144618660211563,3,2,1,0,D S,Getafe,0,0.1721816435456276,0.35094740986824036,0.19163089618086815
13790,Joselu Pérez,2,16,0,0.014085882343351841,0,0,1,0,0,0,S,Getafe,0,0.014085882343351841,0.014085882343351841,0
13821,Urko Izeta,9,122,0,1.0960927940905094,0,0.3224271722137928,6,2,2,0,F S,Athletic Club,0,1.0960927940905094,0.5697249248623848,0.03245190158486366
13823,Miguel Sierra,4,50,0,0.19662409834563732,0,0,4,0,0,0,S,Sevilla,0,0.19662409834563732,0.22677798569202423,0.03015388734638691
13836,Álvaro Núñez,19,1668,0,0.16962211206555367,2,2.517910910770297,4,20,2,0,D M,Elche,0,0.16962211206555367,8.485914068296552,7.542240547016263
13837,David Affengruber,22,1817,0,0.6904106410220265,0,0.30384140089154243,6,6,5,1,D S,Elche,0,0.6904106410220265,6.383859343826771,5.689693558961153
13838,Ali Houary,2,133,0,0.05584482476115227,0,0,2,0,0,0,M,Elche,0,0.05584482476115227,0.05584482476115227,0
13839,Marc Aguado,23,1610,0,0.05936653912067413,1,0.08048332948237658,1,3,2,0,M S,Elche,0,0.05936653912067413,3.113110426813364,3.0865771546959877
13841,Federico Redondo,7,46,0,0,0,0,0,0,0,0,S,Elche,0,0,0.069215327501297,0.069215327501297
13843,Bambo Diaby,4,98,0,0,0,0,0,0,1,0,D S,Elche,0,0,0.060025510378181934,0.060025510378181934
13855,Iván Corralejo,1,11,0,0,0,0,0,0,0,0,S,Real Betis,0,0,0.05513961985707283,0.05513961985707283
13889,Jano Monserrate,1,13,0,0,0,0,0,0,0,0,S,Atletico Madrid,0,0,0,0
13953,Santiago Colombatto,19,1483,0,0.5880112154409289,1,1.904111286625266,12,19,5,0,M S,Real Oviedo,0,0.5880112154409289,5.149607935920358,4.173759205266833
13954,Álex Forés,13,264,0,0.7922417521476746,1,0.01990697532892227,8,1,0,0,F S,Real Oviedo,0,0.7922417521476746,1.322949506342411,0.5908136367797852
13991,Jan Virgili,19,1303,0,1.6958092208951712,4,3.4738964876160026,24,25,0,0,F M S,Mallorca,0,1.6958092208951712,6.268256180919707,2.3352461736649275
13997,Hugo Lopez,2,57,0,0,0,0,0,0,0,0,M S,Villarreal,0,0,0,0
14001,Nelson Deossa,14,516,0,0.4195086508989334,0,0.5050768200308084,15,5,2,0,M S,Real Betis,0,0.4195086508989334,3.635887401178479,2.943041406571865
14012,Fábio Cardoso,4,309,0,0,0,0,0,0,0,0,D,Sevilla,0,0,0.26499417424201965,0.26499417424201965
14018,Lucas Ahijado,13,874,0,1.0771766193211079,1,0.9523773044347763,8,6,2,0,D S,Real Oviedo,0,1.0771766193211079,3.884285554289818,2.6948655638843775
14086,Alex Sancris,15,628,0,0.3494899617508054,1,0.989602810703218,11,8,1,1,F M S,Getafe,0,0.3494899617508054,0.8718908708542585,0.4326532557606697
14089,Lancinet Kourouma,5,23,0,0,0,0,0,0,0,1,S,Girona,0,0,0,0
14116,Diego Morcillo,1,8,0,0.5672497153282166,0,0,1,0,0,0,S,Alaves,0,0.5672497153282166,0.6797209978103638,0.11247126758098602
14167,Selton Sánchez,5,138,0,0.28422196209430695,1,0.15717779099941254,4,4,0,0,M S,Athletic Club,0,0.28422196209430695,1.3910062201321125,0.9496064782142639
14173,Pablo Agudín,4,46,0,0.0426228204742074,0,0,2,0,0,0,S,Real Oviedo,0,0.0426228204742074,0.02994878962635994,0
14183,Asier Hierro,1,30,0,0.0869530513882637,0,0.01957118697464466,1,1,0,0,S,Athletic Club,0,0.0869530513882637,0.10652423650026321,0
14202,Jorge Montes,1,24,0,0,0,0,0,1,0,0,S,Getafe,0,0,0,0
14205,Tomás Marqués,1,3,0,0,0,0,0,0,0,0,S,Barcelona,0,0,0,0
14208,Gorka Carrera,1,8,0,0,0,0,0,0,0,0,S,Real Sociedad,0,0,0.01859270967543125,0.01859270967543125
14221,Carlos Macià,4,64,0,0.02315744385123253,0,0,1,0,1,0,S,Villarreal,0,0.02315744385123253,0.04486657679080963,0.021709132939577103
14222,Aitor Mañas,5,57,0,0.5702066421508789,0,0.03065093606710434,1,2,0,0,S,Alaves,0,0.5702066421508789,0.03065093606710434,0
14227,Juan Arango,2,14,0,0,0,0,0,0,1,0,S,Girona,0,0,0,0
14246,Jorge Cestero,2,8,0,0,0,0,0,0,0,0,S,Real Madrid,0,0,0,0
14258,Kareem Tunde,7,515,0,0.32627445086836815,0,0.4784290939569473,7,2,0,0,M S,Levante,0,0.32627445086836815,1.2195093743503094,0.6088270843029022
14259,Lander Astiazarán,1,1,0,0.021120602265000343,0,0,1,0,0,0,S,Real Sociedad,0,0.021120602265000343,0,0
14287,Alejandro Mestanza,3,68,0,0.01869388110935688,0,0,1,0,0,0,M S,Getafe,0,0.01869388110935688,0.06233642715960741,0.04364254605025053
14316,Nicolás Fonseca,6,125,0,0.031793312169611454,0,0.01918311044573784,2,1,2,0,S,Real Oviedo,0,0.031793312169611454,0.18591336719691753,0.1541200503706932
14334,Thiago Borbas,3,20,0,0,0,0,0,0,1,0,S,Real Oviedo,0,0,0,0
14362,Hugo Burcio,1,4,0,0,0,0,0,0,0,0,S,Celta Vigo,0,0,0.13519926369190216,0.13519926369190216
14364,Job Ochieng,1,21,0,0,0,0.1534191071987152,0,2,0,0,S,Real Sociedad,0,0,0.1534191071987152,0.11383657157421112
14366,Álex Sánchez,1,5,0,0,1,0.07984471321105957,0,1,0,0,S,Elche,0,0,0.07984471321105957,0.07984471321105957
14387,Zaid Romero,4,360,0,0.2717914395034313,0,0.018088556826114655,3,1,1,0,D,Getafe,0,0.2717914395034313,0.45068733394145966,0.3922235816717148
14389,Sebastián Boselli,3,6,0,0.2805735766887665,0,0,1,0,0,0,S,Getafe,0,0.2805735766887665,0,0
14392,Ángel Pérez,2,49,0,0.0522235669195652,0,0,1,0,0,0,S,Alaves,0,0.0522235669195652,0.0522235669195652,0
14393,Thiago Fernández,2,56,0,0.08873647078871727,1,0.8907455801963806,2,1,1,0,S,Real Oviedo,0,0.08873647078871727,1.0595724135637283,0.08009035512804985
14396,Alexander Freeman,2,24,0,0,0,0,0,0,0,0,S,Villarreal,0,0,0,0
14397,Tai Abed,1,1,0,0,0,0,0,0,0,0,S,Levante,0,0,0,0
14400,Lucas Cepeda,3,105,0,0.4373144805431366,0,0.034657372161746025,5,2,0,0,M S,Elche,0,0.4373144805431366,0.7382563650608063,0.30934515595436096
14413,Wesley,2,60,0,0,0,0,0,0,0,0,M S,Real Sociedad,0,0,0.060994312167167664,0.060994312167167664
14439,Obed Vargas,2,50,0,0,0,0,0,0,0,0,S,Atletico Madrid,0,0,0.38033244013786316,0.38033244013786316
14440,Álvaro Fidalgo,2,158,0,0.05523718520998955,0,0.11955243349075317,1,2,0,0,M,Real Betis,0,0.05523718520998955,0.2366204634308815,0.11706803925335407
